,Disease,Case Count,Rate,Year,Jan.,Feb.,Mar.,Apr.,May,June,July,Aug.,Sept.,Oct.,Nov.,Dec.,Unknown,"<1 yr, No.","<1 yr, Rate","1-4 yrs, No.","1-4 yrs, Rate","5-14 yrs, No.","5-14 yrs, Rate","15-24 yrs, No.","15-24 yrs, Rate","25-39 yrs, No.","25-39 yrs, Rate","40-64 yrs, No.","40-64 yrs, Rate",">=65 yrs, No.",">=65 yrs, Rate","Age not stated, No.","Female, No.","Female, Rate","Male, No.","Male, Rate","Sex not stated, No.","American Indian or</br>Alaska Native, No.","American Indian or</br>Alaska Native, Rate","Asian or Pacific</br>Islander, No.","Asian or Pacific</br>Islander, Rate","Black, No.","Black, Rate","White, No.","White, Rate","Other Race, No.","Race not stated, No."
0,Anthrax,0,0,2016,0,0,0,0,0,0,0,0,0,0,0,0,0,0,0,0,0,0,0,0,0,0,0,0,0,0,0,0,0,0,0,0,0,0,0,0,0,0,0,0,0,0,0
1,"Arboviral diseases, Chikungunya virus disease",247,0.08,2016,24,27,11,6,11,17,17,34,32,25,25,18,0,0,0,2,0.01,8,0.02,17,0.04,68,0.10,112,0.11,38,0.08,2,134,0.08,113,0.07,0,0,0,65,0.32,14,0.03,79,0.03,18,71
2,"Arboviral diseases, Eastern equine encephalitis virus disease, Neuroinvasive",7,0.00,2016,0,0,0,0,0,0,3,0,2,2,0,0,0,0,0,0,0,0,0,1,0.00,1,0.00,2,0.00,3,0.01,0,1,0.00,6,0.00,0,S,S,S,S,S,S,S,S,S,S
3,"Arboviral diseases, Eastern equine encephalitis virus disease, Non-neuroinvasive",0,0,2016,0,0,0,0,0,0,0,0,0,0,0,0,0,0,0,0,0,0,0,0,0,0,0,0,0,0,0,0,0,0,0,0,0,0,0,0,0,0,0,0,0,0,0
4,"Arboviral diseases, Jamestown Canyon  virus disease, Neuroinvasive",7,0.00,2016,0,0,0,0,0,1,1,2,0,1,2,0,0,0,0,0,0,0,0,0,0,2,0.00,3,0.00,2,0.00,0,2,0.00,5,0.00,0,S,S,S,S,S,S,S,S,S,S
5,"Arboviral diseases, Jamestown Canyon  virus disease, Non-neuroinvasive",8,0.00,2016,0,0,0,0,0,0,2,3,2,1,0,0,0,0,0,0,0,0,0,0,0,1,0.00,3,0.00,4,0.01,0,1,0.00,7,0.00,0,S,S,S,S,S,S,S,S,S,S
6,"Arboviral diseases, La Crosse  virus disease, Neuroinvasive",31,0.01,2016,0,0,0,0,1,1,6,7,10,4,2,0,0,0,0,6,0.04,19,0.05,0,0,3,0.00,1,0.00,2,0.00,0,10,0.01,21,0.01,0,0,0,0,0,0,0,25,0.01,0,6
7,"Arboviral diseases, La Crosse  virus disease, Non-neuroinvasive",4,0.00,2016,0,0,0,0,0,0,2,2,0,0,0,0,0,0,0,2,0.01,0,0,1,0.00,1,0.00,0,0,0,0,0,0,0,4,0.00,0,S,S,S,S,S,S,S,S,S,S
8,"Arboviral diseases, Powassan virus disease, Neuroinvasive",21,0.01,2016,0,0,0,2,1,2,2,0,1,4,5,4,0,1,0.03,0,0,0,0,0,0,0,0,9,0.01,11,0.02,0,7,0.00,14,0.01,0,S,S,S,S,S,S,S,S,S,S
9,"Arboviral diseases, Powassan virus disease, Non-neuroinvasive",1,0.00,2016,0,0,0,0,0,0,0,0,1,0,0,0,0,0,0,0,0,0,0,0,0,0,0,1,0.00,0,0,0,1,0.00,0,0,0,S,S,S,S,S,S,S,S,S,S
10,"Arboviral diseases, St. Louis encephalitis virus disease, Neuroinvasive",7,0.00,2016,0,0,0,0,0,1,3,1,2,0,0,0,0,0,0,0,0,0,0,0,0,0,0,3,0.00,4,0.01,0,3,0.00,4,0.00,0,S,S,S,S,S,S,S,S,S,S
11,"Arboviral diseases, St. Louis encephalitis virus disease, Non-neuroinvasive",1,0.00,2016,0,0,0,0,0,0,1,0,0,0,0,0,0,0,0,0,0,0,0,0,0,0,0,1,0.00,0,0,0,0,0,1,0.00,0,S,S,S,S,S,S,S,S,S,S
12,"Arboviral diseases, West Nile virus disease, Neuroinvasive","1,308",0.40,2016,0,0,0,1,7,22,151,448,383,174,64,58,0,0,0,4,0.03,19,0.05,45,0.10,145,0.22,581,0.56,514,1.04,0,463,0.28,845,0.53,0,11,0.24,12,0.06,63,0.14,920,0.36,35,267
13,"Arboviral diseases, West Nile virus disease, Non-neuroinvasive",841,0.26,2016,1,0,0,1,9,19,139,344,194,78,38,18,0,0,0,2,0.01,16,0.04,47,0.11,155,0.24,453,0.44,168,0.34,0,362,0.22,479,0.30,0,5,0.11,6,0.03,21,0.05,600,0.24,11,198
14,"Arboviral diseases, Western equine encephalitis virus disease, Neuroinvasive",0,0,2016,0,0,0,0,0,0,0,0,0,0,0,0,0,0,0,0,0,0,0,0,0,0,0,0,0,0,0,0,0,0,0,0,0,0,0,0,0,0,0,0,0,0,0
15,"Arboviral diseases, Western equine encephalitis virus disease, Non-neuroinvasive",0,0,2016,0,0,0,0,0,0,0,0,0,0,0,0,0,0,0,0,0,0,0,0,0,0,0,0,0,0,0,0,0,0,0,0,0,0,0,0,0,0,0,0,0,0,0
16,"Babesiosis, Total","1,910",0.83,2016,18,9,8,28,50,249,686,379,145,117,57,164,0,0,0,8,0.07,37,0.13,41,0.13,158,0.34,794,1.07,865,2.54,7,659,0.57,"1,246",1.10,5,7,0.26,44,0.28,41,0.14,"1,150",0.63,19,649
17,"Babesiosis, Confirmed","1,585",0.69,2016,11,8,4,18,39,210,594,329,119,90,39,124,0,0,0,5,0.04,27,0.09,28,0.09,126,0.27,620,0.84,772,2.27,7,536,0.46,"1,045",0.92,4,4,0.15,44,0.28,36,0.12,947,0.52,16,538
18,"Babesiosis, Probable",325,0.14,2016,7,1,4,10,11,39,92,50,26,27,18,40,0,0,0,3,0.03,10,0.03,13,0.04,32,0.07,174,0.24,93,0.27,0,123,0.11,201,0.18,1,3,0.11,0,0,5,0.02,203,0.11,3,111
19,"Botulism, Total",201,0.06,2016,9,9,19,22,8,37,14,12,17,16,17,21,0,140,3.53,1,0.01,0,0,3,0.01,23,0.04,21,0.02,9,0.02,4,82,0.05,118,0.07,1,5,0.11,9,0.04,19,0.04,123,0.05,3,42
20,"Botulism, Foodborne",31,0.01,2016,0,1,0,2,0,19,1,1,3,2,0,2,0,0,0,1,0.01,0,0,3,0.01,13,0.02,8,0.01,6,0.01,0,7,0.00,24,0.02,0,3,0.06,2,0.01,12,0.03,9,0.00,0,5
21,"Botulism, Infant",144,3.63,2016,9,6,15,18,5,15,10,11,11,12,15,17,0,140,3.53,0,0,0,0,0,0,0,0,0,0,0,0,4,67,3.45,76,3.74,1,1,1.29,7,2.80,5,0.73,96,3.24,3,32
22,"Botulism, Other (wound & unspecified)",26,0.01,2016,0,2,4,2,3,3,3,0,3,2,2,2,0,0,0,0,0,0,0,0,0,10,0.02,13,0.01,3,0.01,0,8,0.00,18,0.01,0,1,0.02,0,0,2,0.00,18,0.01,0,5
23,Brucellosis,127,0.04,2016,5,6,12,14,12,10,4,17,11,12,5,19,0,0,0,2,0.01,10,0.02,3,0.01,29,0.04,59,0.06,23,0.05,1,49,0.03,77,0.05,1,2,0.04,4,0.02,3,0.01,85,0.03,15,18
24,Campylobacteriosis,"60,120",18.61,2016,"3,289","3,104","3,053","4,559","4,615","6,018","7,983","5,907","4,885","5,665","4,097","6,945",0,"1,762",44.38,"5,703",35.74,"4,897",11.93,"6,809",15.65,"10,835",16.55,"19,081",18.36,"10,922",22.18,111,"28,398",17.31,"31,424",19.75,298,479,10.35,"1,582",7.72,"2,721",6.01,"36,747",14.54,"3,189","15,402"
25,Chancroid,7,0.00,2016,0,1,0,2,0,0,1,0,3,0,0,0,0,0,0,0,0,0,0,2,0.00,4,0.01,1,0.00,0,0,0,1,0.00,6,0.00,0,S,S,S,S,S,S,S,S,S,S
26,Chlamydia trachomatis infection,"1,598,354",494.65,2016,"118,413","124,918","120,969","154,221","124,652","115,560","147,782","129,334","124,265","155,523","117,487","165,230",0,482,12.14,114,0.71,"10,759",26.21,"1,008,403","2,317.58","497,907",760.73,"74,185",71.37,"1,772",3.60,"4,732","1,072,719",653.90,"522,870",328.69,"2,765","18,735",404.63,"25,594",124.92,"452,165",998.00,"519,401",205.54,"80,410","502,049"
27,Cholera,15,0.00,2016,3,1,1,1,1,0,3,2,1,2,0,0,0,0,0,0,0,0,0,2,0.00,3,0.00,7,0.01,3,0.01,0,8,0.00,7,0.00,0,S,S,S,S,S,S,S,S,S,S
28,Coccidioidomycosis,"11,829",9.01,2016,832,741,741,973,667,688,995,"1,002","1,038","1,646","1,222","1,284",0,7,0.43,53,0.81,491,2.91,"1,097",6.15,"2,320",8.69,"4,948",11.81,"2,898",14.69,15,"5,106",7.70,"6,701",10.33,22,167,7.03,332,3.45,431,3.02,"3,659",3.49,542,"6,698"
29,"Cryptosporidiosis, Total","13,453",4.16,2016,486,551,493,702,648,745,"1,279","2,541","2,423","1,771",846,968,0,200,5.04,"1,842",11.54,"2,212",5.39,"1,862",4.28,"3,254",4.97,"2,797",2.69,"1,225",2.49,61,"6,904",4.21,"6,454",4.06,95,106,2.29,154,0.75,"1,283",2.83,"9,052",3.58,471,"2,387"
30,"Cryptosporidiosis, Confirmed","8,637",2.67,2016,300,302,286,433,386,449,846,"1,668","1,619","1,182",546,620,0,131,3.30,"1,259",7.89,"1,503",3.66,"1,205",2.77,"2,054",3.14,"1,790",1.72,664,1.35,31,"4,346",2.65,"4,254",2.67,37,75,1.62,101,0.49,864,1.91,"5,663",2.24,306,"1,628"
31,"Cryptosporidiosis, Probable","4,816",1.49,2016,186,249,207,269,262,296,433,873,804,589,300,348,0,69,1.74,583,3.65,709,1.73,657,1.51,"1,200",1.83,"1,007",0.97,561,1.14,30,"2,558",1.56,"2,200",1.38,58,31,0.67,53,0.26,419,0.92,"3,389",1.34,165,759
32,Cyclosporiasis,537,0.18,2016,1,4,1,4,18,50,213,136,53,21,14,22,0,0,0,5,0.03,10,0.03,38,0.10,124,0.21,277,0.29,77,0.17,6,325,0.22,211,0.15,1,1,0.03,14,0.07,14,0.03,370,0.16,28,110
33,"Dengue virus infections, Dengue",903,0.28,2016,155,63,62,53,53,64,127,118,87,54,35,32,0,1,0.03,6,0.04,39,0.10,134,0.31,275,0.42,362,0.35,86,0.17,0,447,0.27,456,0.29,0,1,0.02,161,0.79,60,0.13,396,0.16,57,228
34,"Dengue virus infections, Dengue-like illness",40,0.01,2016,5,3,1,4,3,4,9,3,1,1,3,3,0,0,0,1,0.01,1,0.00,7,0.02,14,0.02,10,0.01,3,0.01,4,16,0.01,24,0.02,0,0,0,6,0.03,2,0.00,13,0.01,8,11
35,"Dengue virus infections, Severe dengue",10,0.00,2016,1,0,0,1,2,2,1,1,1,1,0,0,0,0,0,0,0,1,0.00,1,0.00,1,0.00,6,0.01,1,0.00,0,4,0.00,6,0.00,0,S,S,S,S,S,S,S,S,S,S
36,Diphtheria,0,0,2016,0,0,0,0,0,0,0,0,0,0,0,0,0,0,0,0,0,0,0,0,0,0,0,0,0,0,0,0,0,0,0,0,0,0,0,0,0,0,0,0,0,0,0
37,"Ehrlichiosis and Anaplasmosis, Anaplasma phagocytophilum infection","4,151",1.33,2016,25,14,44,159,348,926,"1,013",468,205,300,414,235,0,1,0.03,18,0.12,107,0.27,147,0.35,361,0.57,"1,914",1.91,"1,596",3.35,7,"1,596",1.01,"2,473",1.61,82,35,0.85,29,0.15,17,0.04,"2,686",1.10,36,"1,348"
38,"Ehrlichiosis and Anaplasmosis, Ehrlichia chaffeensis infection","1,377",0.44,2016,10,7,10,51,132,240,347,154,137,85,31,173,0,1,0.03,6,0.04,46,0.12,87,0.21,153,0.24,610,0.61,466,0.98,8,529,0.33,846,0.55,2,8,0.19,4,0.02,24,0.05,963,0.40,18,360
39,"Ehrlichiosis and Anaplasmosis, Ehrlichia ewingii infection",22,0.01,2016,0,0,0,1,2,5,5,5,1,0,0,3,0,0,0,0,0,0,0,0,0,2,0.00,9,0.01,11,0.02,0,11,0.01,11,0.01,0,S,S,S,S,S,S,S,S,S,S
40,"Ehrlichiosis and Anaplasmosis, Undetermined ehrlichiosis/anaplasmosis",200,0.06,2016,1,1,3,12,20,25,60,30,11,18,11,8,0,0,0,3,0.02,15,0.04,15,0.04,36,0.06,76,0.08,54,0.11,1,96,0.06,104,0.07,0,2,0.05,2,0.01,1,0.00,131,0.05,7,57
41,Giardiasis,"16,310",6.43,2016,980,"1,034","1,032","1,337","1,089","1,097","1,532","1,619","1,607","1,712","1,055","2,216",0,104,3.40,"1,607",13.06,"1,911",6.04,"1,880",5.54,"3,461",6.76,"5,297",6.46,"1,991",5.03,59,"6,490",5.04,"9,770",7.82,50,93,2.60,430,2.45,"1,333",3.89,"8,049",4.06,728,"5,677"
42,Gonorrhea,"468,514",144.99,2016,"33,173","32,955","31,737","41,079","35,513","34,120","44,683","39,106","38,406","48,002","36,763","52,977",0,95,2.39,92,0.58,"2,534",6.17,"218,302",501.72,"192,987",294.86,"51,384",49.43,"1,599",3.25,"1,521","197,499",120.39,"270,033",169.75,982,"6,059",130.86,"6,208",30.30,"192,977",425.93,"144,335",57.12,"20,565","98,370"
43,"Haemophilus influenzae, invasive disease, All ages, all serotypes","4,895",1.51,2016,481,383,390,582,360,351,375,266,289,390,360,668,0,351,8.84,221,1.38,128,0.31,120,0.28,315,0.48,"1,209",1.16,"2,546",5.17,5,"2,634",1.61,"2,233",1.40,28,62,1.34,75,0.37,671,1.48,"3,183",1.26,144,760
44,"Haemophilus influenzae, invasive disease, Age <5 years, Serotype b",30,0.15,2016,4,0,3,2,0,1,3,3,3,3,2,6,0,19,0.48,11,0.07,0,0,0,0,0,0,0,0,0,0,0,11,0.11,19,0.19,0,5,1.30,0,0,1,0.03,19,0.13,1,4
45,"Haemophilus influenzae, invasive disease, Age <5 years, Non-b serotype",159,0.80,2016,10,11,18,14,15,10,12,8,13,17,9,22,0,78,1.96,81,0.51,0,0,0,0,0,0,0,0,0,0,0,67,0.69,92,0.90,0,15,3.89,3,0.23,38,1.11,79,0.53,3,21
46,"Haemophilus influenzae, invasive disease, Age <5 years, Nontypeable",196,0.98,2016,23,25,19,14,10,12,12,10,16,8,13,34,0,137,3.45,59,0.37,0,0,0,0,0,0,0,0,0,0,0,89,0.91,106,1.04,1,4,1.04,4,0.31,36,1.06,111,0.75,9,32
47,"Haemophilus influenzae, invasive disease, Age <5 years, Unknown serotype",187,0.94,2016,17,15,12,14,15,14,11,10,6,19,22,32,0,117,2.95,70,0.44,0,0,0,0,0,0,0,0,0,0,0,83,0.85,103,1.01,1,7,1.81,9,0.70,31,0.91,96,0.65,15,29
48,Hansen's disease,78,0.03,2016,10,8,4,7,5,5,3,14,6,11,3,2,0,0,0,0,0,3,0.01,4,0.01,7,0.01,29,0.03,18,0.04,17,17,0.01,46,0.03,15,0,0,12,0.06,5,0.01,36,0.02,1,24
49,"Hantavirus infection, non-hantavirus pulmonary syndrome",6,0.00,2016,0,0,1,1,1,0,0,0,0,0,1,2,0,0,0,0,0,1,0.00,1,0.00,2,0.00,2,0.00,0,0,0,2,0.00,4,0.00,0,S,S,S,S,S,S,S,S,S,S
50,Hantavirus pulmonary syndrome,31,0.01,2016,3,1,1,4,3,1,6,2,1,1,4,4,0,0,0,0,0,2,0.00,4,0.01,7,0.01,12,0.01,6,0.01,0,13,0.01,18,0.01,0,8,0.18,0,0,0,0,19,0.01,1,3
51,Hemolytic uremic syndrome post-diarrheal,307,0.10,2016,14,8,14,18,23,29,41,41,22,43,26,28,0,9,0.23,143,0.92,100,0.25,13,0.03,10,0.02,11,0.01,19,0.04,2,181,0.11,125,0.08,1,2,0.04,7,0.04,7,0.02,239,0.10,21,31
52,"Hepatitis, A, acute","2,007",0.62,2016,110,123,98,141,102,106,261,281,284,204,106,191,0,1,0.03,18,0.11,59,0.14,265,0.61,618,0.94,738,0.71,301,0.61,7,897,0.55,"1,107",0.70,3,3,0.06,301,1.47,141,0.31,"1,073",0.42,142,347
53,"Hepatitis, B, acute","3,218",1.00,2016,212,244,213,319,259,230,309,254,248,281,225,424,0,1,0.03,0,0,4,0.01,107,0.25,"1,192",1.84,"1,705",1.65,198,0.40,11,"1,252",0.77,"1,957",1.24,9,15,0.33,56,0.27,389,0.87,"2,187",0.87,131,440
54,"Hepatitis, B, perinatal infection",32,0.40,2016,1,2,2,5,1,3,3,3,1,2,4,5,0,17,0.43,15,0.38,0,0,0,0,0,0,0,0,0,0,0,11,0.28,21,0.52,0,0,0,18,3.54,4,0.29,1,0.02,1,8
55,"Hepatitis, C, acute","2,942",0.97,2016,256,248,220,321,247,219,283,211,209,239,165,324,0,7,0.19,3,0.02,0,0,531,1.30,"1,528",2.47,784,0.80,68,0.15,21,"1,310",0.85,"1,627",1.08,5,71,1.77,25,0.13,135,0.31,"2,221",0.93,82,408
56,Human immunodeficiency virus diagnoses,"34,775",10.76,2016,"3,303","3,307","3,468","3,242","3,469","3,510","3,244","3,460","2,911","2,609","1,847",403,2,39,0.98,15,0.09,67,0.16,"7,243",16.65,"15,630",23.88,"11,052",10.63,729,1.48,0,"6,631",4.04,"28,144",17.69,0,219,4.73,801,3.91,"15,632",34.50,"9,398",3.72,"8,725",0
57,Influenza-associated pediatric mortality,82,0.11,2016,2,9,15,32,10,3,7,0,0,2,0,2,0,8,0.20,26,0.16,39,0.10,9,0.07,0,0,0,0,0,0,0,48,0.13,34,0.09,0,1,0.07,6,0.13,9,0.07,55,0.10,1,10
58,"Invasive pneumococcal disease, All ages","17,626",7.32,2016,"1,669","1,808","2,014","2,270","1,344",981,886,593,766,"1,360","1,320","2,615",0,395,13.42,717,6.05,464,1.52,315,0.97,"1,425",2.96,"7,305",9.40,"6,972",18.68,33,"8,400",6.86,"9,125",7.71,101,309,10.75,218,1.84,"2,821",7.58,"10,403",5.51,457,"3,418"
59,"Invasive pneumococcal disease, All ages, Confirmed","17,603",7.31,2016,"1,667","1,806","2,013","2,269","1,342",980,886,590,765,"1,356","1,319","2,610",0,393,13.35,715,6.04,464,1.52,315,0.97,"1,425",2.96,"7,299",9.39,"6,959",18.64,33,"8,390",6.85,"9,112",7.70,101,308,10.71,218,1.84,"2,817",7.57,"10,388",5.50,457,"3,415"
60,"Invasive pneumococcal disease, All ages, Probable",23,0.01,2016,2,2,1,1,2,1,0,3,1,4,1,5,0,2,0.07,2,0.02,0,0,0,0,0,0,6,0.01,13,0.03,0,10,0.01,13,0.01,0,S,S,S,S,S,S,S,S,S,S
61,"Invasive pneumococcal disease, Age <5 years","1,142",0.44,2016,83,126,127,124,76,88,62,40,63,94,106,153,0,408,12.86,734,5.75,0,0,0,0,0,0,0,0,0,0,0,484,0.37,652,0.51,6,18,0.53,41,0.32,223,0.56,591,0.29,42,227
62,"Invasive pneumococcal disease, Age <5 years, Confirmed","1,137",7.13,2016,83,126,127,124,74,87,62,40,63,92,106,153,0,406,12.80,731,5.72,0,0,0,0,0,0,0,0,0,0,0,481,6.17,650,7.98,6,17,5.85,41,4.93,222,7.42,589,4.98,42,226
63,"Invasive pneumococcal disease, Age <5 years, Probable",5,0.03,2016,0,0,0,0,2,1,0,0,0,2,0,0,0,2,0.06,3,0.02,0,0,0,0,0,0,0,0,0,0,0,3,0.04,2,0.02,0,S,S,S,S,S,S,S,S,S,S
64,Legionellosis,"6,141",1.90,2016,275,230,256,298,305,439,633,688,736,876,591,814,0,3,0.08,2,0.01,4,0.01,61,0.14,398,0.61,"2,927",2.82,"2,742",5.57,4,"2,458",1.50,"3,679",2.31,4,26,0.56,99,0.48,"1,068",2.36,"3,891",1.54,242,815
65,Leptospirosis,78,0.03,2016,4,0,6,3,2,3,8,10,9,11,5,17,0,0,0,0,0,3,0.01,11,0.03,17,0.03,36,0.05,11,0.03,0,18,0.01,60,0.05,0,0,0,8,0.05,1,0.00,38,0.02,13,18
66,Listeriosis,786,0.24,2016,32,39,31,53,46,73,89,96,99,81,55,92,0,34,0.86,1,0.01,5,0.01,20,0.05,61,0.09,183,0.18,480,0.97,2,401,0.24,383,0.24,2,9,0.19,70,0.34,68,0.15,533,0.21,20,86
67,"Lyme disease, Total","36,429",11.32,2016,881,837,"1,056","1,607","2,017","5,425","9,686","4,860","3,108","2,954","1,942","2,056",0,21,0.53,"1,283",8.08,"5,776",14.13,"3,495",8.07,"4,822",7.40,"12,970",12.53,"7,360",15.02,702,"15,307",9.37,"20,567",12.99,555,81,1.75,303,1.55,298,0.66,"18,841",7.47,990,"15,916"
68,"Lyme disease, Confirmed","26,203",8.15,2016,592,568,698,"1,056","1,341","4,076","7,393","3,699","2,179","2,047","1,276","1,278",0,20,0.51,"1,074",6.76,"4,472",10.94,"2,343",5.41,"3,311",5.08,"9,355",9.04,"5,045",10.30,583,"10,971",6.72,"14,810",9.35,422,57,1.23,210,1.07,205,0.45,"13,381",5.30,776,"11,574"
69,"Lyme disease, Probable","10,226",3.18,2016,289,269,358,551,676,"1,349","2,293","1,161",929,907,666,778,0,1,0.03,209,1.32,"1,304",3.19,"1,152",2.66,"1,511",2.32,"3,615",3.49,"2,315",4.72,119,"4,336",2.65,"5,757",3.64,133,24,0.52,93,0.48,93,0.21,"5,460",2.16,214,"4,342"
70,Malaria,"1,955",0.61,2016,87,85,75,107,144,197,231,259,226,211,117,216,0,8,0.20,91,0.57,194,0.47,258,0.59,568,0.87,702,0.68,132,0.27,2,743,0.45,"1,194",0.75,18,6,0.13,91,0.44,"1,052",2.32,248,0.10,67,491
71,"Measles, Total",85,0.03,2016,2,0,4,7,20,21,7,1,2,2,0,19,0,5,0.13,9,0.06,14,0.03,16,0.04,26,0.04,15,0.01,0,0,0,24,0.01,61,0.04,0,0,0,8,0.04,5,0.01,37,0.01,1,34
72,"Measles, Indigenous",68,0.02,2016,0,0,2,7,16,20,4,0,0,1,0,18,0,4,0.10,7,0.04,8,0.02,15,0.03,21,0.03,13,0.01,0,0,0,19,0.01,49,0.03,0,0,0,2,0.01,2,0.00,32,0.01,0,32
73,"Measles, Imported",17,0.01,2016,2,0,2,0,4,1,3,1,2,1,0,1,0,1,0.03,2,0.01,6,0.01,1,0.00,5,0.01,2,0.00,0,0,0,5,0.00,12,0.01,0,S,S,S,S,S,S,S,S,S,S
74,"Meningococcal disease, All serogroups",375,0.12,2016,29,29,32,50,34,28,33,20,19,27,22,52,0,35,0.88,33,0.21,21,0.05,80,0.18,64,0.10,80,0.08,62,0.13,0,173,0.11,202,0.13,0,9,0.19,12,0.06,60,0.13,229,0.09,15,50
75,"Meningococcal disease, Serogroups ACWY",126,0.04,2016,9,8,9,16,14,8,6,9,8,11,10,18,0,5,0.13,16,0.10,6,0.01,14,0.03,16,0.02,39,0.04,30,0.06,0,62,0.04,64,0.04,0,7,0.15,4,0.02,22,0.05,70,0.03,6,17
76,"Meningococcal disease, Serogroup B",86,0.03,2016,7,8,4,13,7,4,4,3,6,7,9,14,0,18,0.45,10,0.06,6,0.01,25,0.06,11,0.02,8,0.01,8,0.02,0,41,0.02,45,0.03,0,1,0.02,1,0.00,15,0.03,58,0.02,2,9
77,"Meningococcal disease, Other serogroups",21,0.01,2016,2,1,5,2,1,2,1,3,1,1,0,2,0,1,0.03,2,0.01,1,0.00,6,0.01,5,0.01,4,0.00,2,0.00,0,9,0.01,12,0.01,0,S,S,S,S,S,S,S,S,S,S
78,"Meningococcal disease, Unknown serogroup",142,0.04,2016,11,12,14,19,12,14,22,5,4,8,3,18,0,11,0.28,5,0.03,8,0.02,35,0.08,32,0.05,29,0.03,22,0.04,0,61,0.04,81,0.05,0,1,0.02,6,0.03,19,0.04,90,0.04,6,20
79,Mumps,"6,369",1.97,2016,202,266,314,457,347,200,129,118,405,859,"1,097","1,975",0,16,0.40,192,1.20,"1,623",3.95,"2,716",6.24,"1,125",1.72,626,0.60,62,0.13,9,"3,147",1.92,"3,194",2.01,28,20,0.43,"2,140",10.45,220,0.49,"2,980",1.18,135,874
80,Novel Influenza A virus infections,23,0.01,2016,0,0,0,1,1,1,0,18,0,0,1,1,0,1,0.03,6,0.04,9,0.02,2,0.00,0,0,4,0.00,0,0,1,9,0.01,14,0.01,0,S,S,S,S,S,S,S,S,S,S
81,Pertussis,"17,972",5.56,2016,"1,272","1,232","1,084","1,380","1,279","1,312","1,802","1,224","1,087","1,378","1,820","3,102",0,"2,020",50.88,"2,435",15.26,"5,833",14.21,"3,998",9.19,"1,094",1.67,"1,905",1.83,657,1.33,30,"9,900",6.03,"8,029",5.05,43,123,2.66,312,1.52,775,1.71,"11,694",4.63,649,"4,419"
82,Plague,4,0.00,2016,0,0,0,0,0,1,1,1,1,0,0,0,0,0,0,0,0,0,0,2,0.00,0,0,0,0,2,0.00,0,0,0,4,0.00,0,S,S,S,S,S,S,S,S,S,S
83,"Poliomyelitis, paralytic",0,0,2016,0,0,0,0,0,0,0,0,0,0,0,0,0,0,0,0,0,0,0,0,0,0,0,0,0,0,0,0,0,0,0,0,0,0,0,0,0,0,0,0,0,0,0
84,"Poliovirus infection, nonparalytic",0,0,2016,0,0,0,0,0,0,0,0,0,0,0,0,0,0,0,0,0,0,0,0,0,0,0,0,0,0,0,0,0,0,0,0,0,0,0,0,0,0,0,0,0,0,0
85,Psittacosis,12,0.00,2016,0,1,2,0,0,2,1,1,3,1,1,0,0,0,0,0,0,0,0,2,0.01,3,0.01,5,0.01,2,0.00,0,8,0.01,4,0.00,0,S,S,S,S,S,S,S,S,S,S
86,"Q fever, Total",164,0.05,2016,3,7,10,15,26,12,27,10,12,16,7,19,0,0,0,1,0.01,2,0.00,6,0.01,25,0.04,89,0.09,41,0.08,0,34,0.02,130,0.08,0,1,0.02,3,0.01,7,0.02,99,0.04,10,44
87,"Q fever, Acute",132,0.04,2016,3,7,6,13,22,10,25,7,8,13,5,13,0,0,0,1,0.01,2,0.00,5,0.01,21,0.03,72,0.07,31,0.06,0,27,0.02,105,0.07,0,1,0.02,2,0.01,6,0.01,83,0.03,8,32
88,"Q fever, Chronic",32,0.01,2016,0,0,4,2,4,2,2,3,4,3,2,6,0,0,0,0,0,0,0,1,0.00,4,0.01,17,0.02,10,0.02,0,7,0.00,25,0.02,0,0,0,1,0.00,1,0.00,16,0.01,2,12
89,"Rabies, Human",0,0,2016,0,0,0,0,0,0,0,0,0,0,0,0,0,0,0,0,0,0,0,0,0,0,0,0,0,0,0,0,0,0,0,0,0,0,0,0,0,0,0,0,0,0,0
90,Rubella,1,0.00,2016,1,0,0,0,0,0,0,0,0,0,0,0,0,0,0,0,0,0,0,0,0,1,0.00,0,0,0,0,0,0,0,1,0.00,0,S,S,S,S,S,S,S,S,S,S
91,"Rubella, congenital syndrome",2,0.05,2016,0,0,0,0,0,0,0,0,0,0,2,0,0,2,0.05,0,0,0,0,0,0,0,0,0,0,0,0,0,2,0.10,0,0,0,S,S,S,S,S,S,S,S,S,S
92,Salmonellosis,"53,850",16.67,2016,"2,415","2,077","2,221","3,786","3,513","4,469","7,317","6,544","6,268","6,495","3,687","5,058",0,"5,126",129.11,"7,321",45.88,"5,724",13.94,"4,989",11.47,"7,687",11.74,"13,917",13.39,"8,562",17.39,524,"28,379",17.30,"25,090",15.77,381,532,11.49,"1,671",8.16,"4,401",9.71,"34,546",13.67,"2,456","10,244"
93,Severe acute respiratory syndrome-associated coronavirus disease,0,0,2016,0,0,0,0,0,0,0,0,0,0,0,0,0,0,0,0,0,0,0,0,0,0,0,0,0,0,0,0,0,0,0,0,0,0,0,0,0,0,0,0,0,0,0
94,Shiga toxin-producing Escherichia coli,"8,169",2.53,2016,329,271,395,573,521,770,"1,233",948,782,842,571,934,0,340,8.56,"1,782",11.17,"1,400",3.41,"1,320",3.03,"1,275",1.95,"1,159",1.12,806,1.64,87,"4,521",2.76,"3,614",2.27,34,58,1.25,174,0.85,341,0.75,"5,563",2.20,361,"1,672"
95,Shigellosis,"21,097",6.53,2016,"1,699","1,640","1,663","2,027","1,801","1,825","2,106","1,650","1,466","1,949","1,349","1,922",0,289,7.28,"5,181",32.47,"6,035",14.70,"1,642",3.77,"3,722",5.69,"3,144",3.02,984,2.00,100,"10,579",6.45,"10,359",6.51,159,320,6.91,328,1.60,"3,982",8.79,"11,547",4.57,"1,039","3,881"
96,Smallpox,0,0,2016,0,0,0,0,0,0,0,0,0,0,0,0,0,0,0,0,0,0,0,0,0,0,0,0,0,0,0,0,0,0,0,0,0,0,0,0,0,0,0,0,0,0,0
97,"Spotted fever rickettsiosis, Total","4,269",1.33,2016,30,47,82,224,408,610,864,641,499,388,174,302,0,2,0.05,45,0.28,186,0.46,353,0.82,823,1.27,"1,924",1.86,931,1.90,5,"1,442",0.88,"2,823",1.79,4,42,0.93,16,0.08,112,0.25,"2,927",1.16,62,"1,110"
98,"Spotted fever rickettsiosis, Confirmed",154,0.05,2016,4,2,9,5,15,19,28,27,14,12,4,15,0,0,0,2,0.01,14,0.03,13,0.03,23,0.04,67,0.06,35,0.07,0,46,0.03,108,0.07,0,3,0.07,0,0,8,0.02,98,0.04,4,41
99,"Spotted fever rickettsiosis, Probable","4,115",1.28,2016,26,45,73,219,393,591,836,614,485,376,170,287,0,2,0.05,43,0.27,172,0.42,340,0.79,800,1.23,"1,857",1.80,896,1.83,5,"1,396",0.86,"2,715",1.72,4,39,0.87,16,0.08,104,0.23,"2,829",1.12,58,"1,069"
100,Streptococcal toxic shock syndrome,283,0.14,2016,27,37,24,47,18,17,16,13,12,14,20,38,0,1,0.04,4,0.04,18,0.07,9,0.03,43,0.10,123,0.18,85,0.26,0,146,0.14,137,0.13,0,1,0.04,6,0.06,43,0.14,194,0.12,14,25
101,"Syphilis, Total, all stages","88,042",27.25,2016,"6,490","6,907","6,831","8,612","6,861","6,453","8,293","6,856","6,642","8,662","6,648","8,787",0,634,15.97,4,0.03,42,0.10,"17,544",40.32,"41,556",63.49,"26,306",25.31,"1,867",3.79,89,"14,848",9.05,"72,433",45.53,761,613,13.24,"2,353",11.49,"30,820",68.02,"41,719",16.51,"6,062","6,475"
102,"Syphilis, Congenital",628,15.82,2016,52,55,45,44,48,51,50,59,52,59,61,52,0,628,15.82,0,0,0,0,0,0,0,0,0,0,0,0,0,0,0,0,0,628,12,15.49,26,10.39,261,38.32,281,9.49,14,34
103,"Syphilis, Primary and secondary","27,814",8.61,2016,"2,027","2,124","2,119","2,710","2,163","2,045","2,660","2,247","2,128","2,726","2,115","2,750",0,0,0,2,0.01,17,0.04,"6,470",14.87,"13,498",20.62,"7,511",7.23,279,0.57,37,"3,049",1.86,"24,724",15.54,41,219,4.73,768,3.75,"9,341",20.62,"14,103",5.58,"1,673","1,710"
104,Tetanus,34,0.01,2016,1,1,3,5,1,4,3,5,3,3,1,4,0,0,0,0,0,5,0.01,2,0.00,9,0.01,6,0.01,3,0.01,9,11,0.01,22,0.01,1,0,0,1,0.00,3,0.01,21,0.01,2,7
105,Toxic shock syndrome (other than Streptococcal),40,0.02,2016,2,5,2,0,2,4,7,2,4,2,6,4,0,0,0,0,0,15,0.05,17,0.06,3,0.01,5,0.01,0,0,0,28,0.02,11,0.01,1,0,0,1,0.01,1,0.00,25,0.01,2,11
106,Trichinellosis,26,0.01,2016,0,0,1,2,1,2,2,3,3,4,0,8,0,0,0,0,0,2,0.01,2,0.00,4,0.01,14,0.01,4,0.01,0,6,0.00,20,0.01,0,5,0.11,8,0.04,2,0.00,8,0.00,0,3
107,Tuberculosis,"9,272",2.87,2016,478,642,698,777,716,837,691,853,713,803,740,"1,324",0,48,1.21,176,1.10,163,0.40,938,2.16,"2,206",3.37,"3,470",3.34,"2,264",4.60,7,"3,633",2.21,"5,639",3.54,0,127,2.74,"3,212",15.68,"2,026",4.47,"3,676",1.45,132,99
108,Tularemia,230,0.07,2016,1,5,5,11,29,34,40,30,19,20,14,22,0,1,0.03,14,0.09,19,0.05,17,0.04,29,0.04,99,0.10,51,0.10,0,76,0.05,153,0.10,1,23,0.50,0,0,5,0.01,152,0.06,7,43
109,Typhoid fever,376,0.12,2016,32,22,20,32,28,32,36,48,43,22,24,37,0,2,0.05,32,0.20,79,0.19,78,0.18,111,0.17,60,0.06,7,0.01,7,177,0.11,197,0.12,2,4,0.09,185,0.90,31,0.07,61,0.02,29,66
110,Vancomycin-intermediate Staphylococcus aureus,108,0.04,2016,10,13,9,12,8,7,12,11,8,7,3,8,0,1,0.03,1,0.01,2,0.01,4,0.01,15,0.03,48,0.06,37,0.10,0,46,0.04,62,0.05,0,1,0.03,2,0.02,23,0.06,61,0.03,6,15
111,Vancomycin-resistant Staphylococcus aureus,0,0,2016,0,0,0,0,0,0,0,0,0,0,0,0,0,0,0,0,0,0,0,0,0,0,0,0,0,0,0,0,0,0,0,0,0,0,0,0,0,0,0,0,0,0,0
112,Varicella morbidity,"8,953",3.45,2016,781,738,733,"1,026",871,608,579,407,683,827,721,979,0,768,23.90,"1,927",14.95,"3,228",9.75,912,2.60,822,1.55,577,0.69,112,0.29,607,"4,330",3.28,"4,581",3.58,42,84,2.40,404,2.31,556,1.51,"5,583",2.77,375,"1,951"
113,"Vibriosis, Total","1,273",0.40,2016,48,29,29,50,67,108,227,229,165,137,62,122,0,3,0.08,25,0.16,121,0.30,93,0.22,194,0.30,495,0.48,335,0.69,7,437,0.27,824,0.53,12,9,0.20,45,0.22,76,0.17,856,0.34,36,251
114,"Vibriosis, Confirmed","1,241",0.39,2016,48,25,27,50,66,105,223,225,161,132,61,118,0,2,0.05,23,0.15,120,0.30,93,0.22,184,0.29,491,0.48,325,0.67,3,422,0.26,807,0.52,12,9,0.20,42,0.21,71,0.16,837,0.34,36,246
115,"Vibriosis, Probable",32,0.01,2016,0,4,2,0,1,3,4,4,4,5,1,4,0,1,0.03,2,0.01,1,0.00,0,0,10,0.02,4,0.00,10,0.02,4,15,0.01,17,0.01,0,0,0,3,0.01,5,0.01,19,0.01,0,5
116,"Viral hemorrhagic fevers, Crimean-Congo hemorrhagic fever virus",0,0,2016,0,0,0,0,0,0,0,0,0,0,0,0,0,0,0,0,0,0,0,0,0,0,0,0,0,0,0,0,0,0,0,0,0,0,0,0,0,0,0,0,0,0,0
117,"Viral hemorrhagic fevers, Ebola virus",0,0,2016,0,0,0,0,0,0,0,0,0,0,0,0,0,0,0,0,0,0,0,0,0,0,0,0,0,0,0,0,0,0,0,0,0,0,0,0,0,0,0,0,0,0,0
118,"Viral hemorrhagic fevers, Guanarito virus",0,0,2016,0,0,0,0,0,0,0,0,0,0,0,0,0,0,0,0,0,0,0,0,0,0,0,0,0,0,0,0,0,0,0,0,0,0,0,0,0,0,0,0,0,0,0
119,"Viral hemorrhagic fevers, Junin virus",0,0,2016,0,0,0,0,0,0,0,0,0,0,0,0,0,0,0,0,0,0,0,0,0,0,0,0,0,0,0,0,0,0,0,0,0,0,0,0,0,0,0,0,0,0,0
120,"Viral hemorrhagic fevers, Lassa virus",0,0,2016,0,0,0,0,0,0,0,0,0,0,0,0,0,0,0,0,0,0,0,0,0,0,0,0,0,0,0,0,0,0,0,0,0,0,0,0,0,0,0,0,0,0,0
121,"Viral hemorrhagic fevers, Lujo virus",0,0,2016,0,0,0,0,0,0,0,0,0,0,0,0,0,0,0,0,0,0,0,0,0,0,0,0,0,0,0,0,0,0,0,0,0,0,0,0,0,0,0,0,0,0,0
122,"Viral hemorrhagic fevers, Machupo virus",0,0,2016,0,0,0,0,0,0,0,0,0,0,0,0,0,0,0,0,0,0,0,0,0,0,0,0,0,0,0,0,0,0,0,0,0,0,0,0,0,0,0,0,0,0,0
123,"Viral hemorrhagic fevers, Marburg virus",0,0,2016,0,0,0,0,0,0,0,0,0,0,0,0,0,0,0,0,0,0,0,0,0,0,0,0,0,0,0,0,0,0,0,0,0,0,0,0,0,0,0,0,0,0,0
124,"Viral hemorrhagic fevers, Sabia virus",0,0,2016,0,0,0,0,0,0,0,0,0,0,0,0,0,0,0,0,0,0,0,0,0,0,0,0,0,0,0,0,0,0,0,0,0,0,0,0,0,0,0,0,0,0,0
125,Yellow fever,1,0.00,2016,0,0,0,0,0,0,0,0,0,0,0,1,0,0,0,0,0,0,0,0,0,0,0,0,0,1,0.00,0,0,0,1,0.00,0,S,S,S,S,S,S,S,S,S,S
126,"Zika virus, Zika virus disease, congenital",30,0.76,2016,0,0,1,0,2,1,6,1,4,7,3,5,0,25,0.63,0,0,0,0,0,0,0,0,0,0,0,0,5,17,0.88,13,0.64,0,0,0,0,0,3,0.44,5,0.17,6,16
127,"Zika virus, Zika virus disease, non-congenital","5,132",1.59,2016,139,180,137,190,287,574,"1,147","1,001",520,378,341,238,0,3,0.08,22,0.14,180,0.44,764,1.76,"1,810",2.77,"2,077",2.00,272,0.55,4,"3,290",2.01,"1,842",1.16,0,7,0.15,77,0.38,432,0.95,"2,516",1.00,492,"1,608"
128,"Zika virus, Zika virus infection, congenital",45,1.13,2016,0,0,0,0,1,0,5,5,4,12,7,11,0,29,0.73,0,0,0,0,0,0,0,0,0,0,0,0,16,23,1.19,22,1.08,0,0,0,0,0,1,0.15,4,0.14,8,32
129,"Zika virus, Zika virus infection, non-congenital",911,0.28,2016,5,25,38,39,47,74,98,81,94,141,106,163,0,1,0.03,0,0,6,0.01,295,0.68,545,0.83,51,0.05,12,0.02,1,852,0.52,58,0.04,1,0,0,27,0.13,218,0.48,240,0.09,120,306
0,Anthrax,0,0,2017,0,0,0,0,0,0,0,0,0,0,0,0,0,0,0,0,0,0,0,0,0,0,0,0,0,0,0,0,0,0,0,0,0,0,0,0,0,0,0,0,0,0,0
1,"Arboviral diseases, Chikungunya virus disease",156,0.05,2017,6,2,5,7,11,17,19,14,29,17,9,20,0,0,0,0,0,6,0.01,13,0.03,37,0.06,83,0.08,17,0.03,0,80,0.05,76,0.05,0,1,0.02,78,0.37,3,0.01,21,0.01,11,42
2,"Arboviral diseases, Eastern equine encephalitis virus disease, Neuroinvasive",5,0.00,2017,0,0,0,0,0,0,0,0,1,3,0,1,0,0,0,0,0,0,0,1,0.00,1,0.00,3,0.00,0,0,0,3,0.00,2,0.00,0,S,S,S,S,S,S,S,S,S,S
3,"Arboviral diseases, Eastern equine encephalitis virus disease, Non-neuroinvasive",0,0,2017,0,0,0,0,0,0,0,0,0,0,0,0,0,0,0,0,0,0,0,0,0,0,0,0,0,0,0,0,0,0,0,0,0,0,0,0,0,0,0,0,0,0,0
4,"Arboviral diseases, Jamestown Canyon  virus disease, Neuroinvasive",58,0.02,2017,1,0,0,3,2,12,14,10,12,2,2,0,0,0,0,0,0,3,0.01,4,0.01,6,0.01,26,0.02,19,0.04,0,25,0.02,33,0.02,0,1,0.02,0,0,0,0,38,0.01,3,16
5,"Arboviral diseases, Jamestown Canyon  virus disease, Non-neuroinvasive",17,0.01,2017,0,0,0,0,1,4,3,5,4,0,0,0,0,0,0,0,0,0,0,1,0.00,3,0.00,7,0.01,6,0.01,0,4,0.00,13,0.01,0,S,S,S,S,S,S,S,S,S,S
6,"Arboviral diseases, La Crosse  virus disease, Neuroinvasive",63,0.02,2017,0,0,1,0,0,2,16,28,9,5,2,0,0,3,0.08,7,0.04,41,0.10,5,0.01,3,0.00,1,0.00,3,0.01,0,29,0.02,34,0.02,0,0,0,1,0.00,0,0,56,0.02,1,5
7,"Arboviral diseases, La Crosse  virus disease, Non-neuroinvasive",0,0,2017,0,0,0,0,0,0,0,0,0,0,0,0,0,0,0,0,0,0,0,0,0,0,0,0,0,0,0,0,0,0,0,0,0,0,0,0,0,0,0,0,0,0,0
8,"Arboviral diseases, Powassan virus disease, Neuroinvasive",33,0.01,2017,0,0,0,1,9,8,6,1,1,2,2,3,0,0,0,0,0,4,0.01,1,0.00,1,0.00,12,0.01,15,0.03,0,5,0.00,28,0.02,0,0,0,0,0,0,0,18,0.01,0,15
9,"Arboviral diseases, Powassan virus disease, Non-neuroinvasive",1,0.00,2017,0,0,0,0,0,0,1,0,0,0,0,0,0,0,0,0,0,0,0,0,0,0,0,0,0,1,0.00,0,1,0.00,0,0,0,S,S,S,S,S,S,S,S,S,S
10,"Arboviral diseases, St. Louis encephalitis virus disease, Neuroinvasive",6,0.00,2017,0,0,0,0,0,0,2,0,4,0,0,0,0,0,0,0,0,0,0,0,0,1,0.00,4,0.00,1,0.00,0,2,0.00,4,0.00,0,S,S,S,S,S,S,S,S,S,S
11,"Arboviral diseases, St. Louis encephalitis virus disease, Non-neuroinvasive",5,0.00,2017,0,0,1,0,0,0,0,1,0,2,1,0,0,0,0,0,0,0,0,0,0,0,0,4,0.00,1,0.00,0,1,0.00,4,0.00,0,S,S,S,S,S,S,S,S,S,S
12,"Arboviral diseases, West Nile virus disease, Neuroinvasive","1,425",0.44,2017,0,0,3,5,4,19,192,445,575,127,40,15,0,0,0,2,0.01,15,0.04,35,0.08,127,0.19,621,0.60,625,1.23,0,515,0.31,910,0.57,0,11,0.23,21,0.10,99,0.22,"1,064",0.42,62,168
13,"Arboviral diseases, West Nile virus disease, Non-neuroinvasive",672,0.21,2017,0,0,3,2,3,22,132,231,213,51,10,5,0,0,0,4,0.03,7,0.02,41,0.09,145,0.22,325,0.31,150,0.29,0,281,0.17,391,0.24,0,6,0.13,9,0.04,21,0.05,498,0.20,29,109
14,"Arboviral diseases, Western equine encephalitis virus disease, Neuroinvasive",0,0,2017,0,0,0,0,0,0,0,0,0,0,0,0,0,0,0,0,0,0,0,0,0,0,0,0,0,0,0,0,0,0,0,0,0,0,0,0,0,0,0,0,0,0,0
15,"Arboviral diseases, Western equine encephalitis virus disease, Non-neuroinvasive",0,0,2017,0,0,0,0,0,0,0,0,0,0,0,0,0,0,0,0,0,0,0,0,0,0,0,0,0,0,0,0,0,0,0,0,0,0,0,0,0,0,0,0,0,0,0
16,"Babesiosis, Total","2,368",0.94,2017,17,11,14,20,68,262,846,514,247,115,76,178,0,1,0.03,4,0.03,54,0.17,48,0.14,149,0.29,969,1.20,"1,132",2.88,11,827,0.65,"1,540",1.24,1,10,0.35,59,0.35,39,0.12,"1,511",0.76,98,651
17,"Babesiosis, Confirmed","1,994",0.79,2017,10,6,9,12,46,225,755,440,206,87,57,141,0,1,0.03,2,0.02,35,0.11,36,0.11,124,0.24,793,0.98,995,2.53,8,674,0.53,"1,320",1.06,0,7,0.24,48,0.28,34,0.10,"1,264",0.64,94,547
18,"Babesiosis, Probable",374,0.15,2017,7,5,5,8,22,37,91,74,41,28,19,37,0,0,0,2,0.02,19,0.06,12,0.04,25,0.05,176,0.22,137,0.35,3,153,0.12,220,0.18,1,3,0.10,11,0.06,5,0.01,247,0.12,4,104
19,"Botulism, Total",177,0.05,2017,10,12,10,20,17,13,11,14,14,10,19,27,0,131,3.33,4,0.03,2,0.00,3,0.01,11,0.02,17,0.02,6,0.01,3,83,0.05,94,0.06,0,4,0.09,15,0.07,5,0.01,105,0.04,7,41
20,"Botulism, Foodborne",19,0.01,2017,0,1,0,10,3,1,0,3,1,0,0,0,0,1,0.03,0,0,1,0.00,3,0.01,4,0.01,6,0.01,4,0.01,0,8,0.00,11,0.01,0,S,S,S,S,S,S,S,S,S,S
21,"Botulism, Infant",137,3.48,2017,9,10,9,9,10,12,8,8,12,8,17,25,0,130,3.30,4,0,0,0,0,0,0,0,0,0,0,0,3,69,3.59,68,3.37,0,0,0,11,4.48,5,0.74,89,3.03,4,28
22,"Botulism, Other (wound & unspecified)",21,0.01,2017,1,1,1,1,4,0,3,3,1,2,2,2,0,0,0,0,0,1,0.00,0,0,7,0.01,11,0.01,2,0.00,0,6,0.00,15,0.01,0,S,S,S,S,S,S,S,S,S,S
23,Brucellosis,140,0.04,2017,0,10,11,19,11,8,26,10,10,11,5,19,0,0,0,2,0.01,7,0.02,15,0.03,36,0.05,48,0.05,32,0.06,0,59,0.04,81,0.05,0,2,0.04,6,0.03,7,0.02,84,0.03,6,35
24,Campylobacteriosis,"67,537",20.73,2017,"3,485","3,486","3,646","5,358","5,167","6,605","8,989","6,488","6,822","4,832","4,440","8,219",0,"1,936",49.15,"6,328",39.55,"5,270",12.83,"7,461",17.25,"12,027",18.07,"21,445",20.62,"12,931",25.43,139,"31,857",19.27,"35,549",22.16,131,574,12.24,"1,859",8.76,"3,391",7.39,"41,482",16.34,"4,505","15,726"
25,Chancroid,7,0.00,2017,1,0,3,1,0,1,0,0,0,1,0,0,0,0,0,0,0,0,0,3,0.01,3,0.00,1,0.00,0,0,0,3,0.00,4,0.00,0,S,S,S,S,S,S,S,S,S,S
26,Chlamydia trachomatis infection,"1,708,569",524.55,2017,"121,687","131,274","131,494","162,492","132,119","124,608","161,548","140,581","167,506","141,332","125,923","168,005",0,420,10.66,93,0.58,"10,893",26.51,"1,069,111","2,471.92","540,510",811.89,"83,917",80.68,"2,178",4.28,"1,447","1,127,651",682.14,"577,644",360.11,"3,274","19,770",421.62,"27,956",131.80,"475,496","1,036.30","552,963",217.76,"112,699","519,685"
27,Cholera,10,0.00,2017,0,1,1,1,1,0,3,3,0,0,0,0,0,0,0,0,0,0,0,1,0.00,3,0.00,4,0.00,2,0.00,0,3,0.00,7,0.00,0,S,S,S,S,S,S,S,S,S,S
28,Coccidioidomycosis,"14,364",10.93,2017,866,742,661,866,766,789,"1,209","1,131","1,537","1,568","1,751","2,478",0,7,0.44,70,1.07,520,3.10,"1,200",6.81,"2,734",10.15,"6,101",14.64,"3,725",18.39,7,"5,919",8.92,"8,423",12.96,22,203,8.46,504,5.08,489,3.46,"4,587",4.37,"1,071","7,510"
29,"Cryptosporidiosis, Total","11,414",3.50,2017,449,463,585,828,594,710,"1,229","1,666","1,852","1,186",801,"1,051",0,130,3.30,"1,246",7.79,"1,306",3.18,"1,822",4.21,"2,870",4.31,"2,680",2.58,"1,319",2.59,41,"6,031",3.65,"5,366",3.35,17,79,1.68,164,0.77,986,2.15,"7,937",3.13,488,"1,760"
30,"Cryptosporidiosis, Confirmed","8,043",2.47,2017,343,331,397,546,374,500,859,"1,236","1,398",845,544,670,0,97,2.46,978,6.11,955,2.32,"1,343",3.11,"2,081",3.13,"1,834",1.76,728,1.43,27,"4,220",2.55,"3,808",2.37,15,62,1.32,128,0.60,751,1.64,"5,447",2.15,343,"1,312"
31,"Cryptosporidiosis, Probable","3,371",1.03,2017,106,132,188,282,220,210,370,430,454,341,257,381,0,33,0.84,268,1.68,351,0.85,479,1.11,789,1.19,846,0.81,591,1.16,14,"1,811",1.10,"1,558",0.97,2,17,0.36,36,0.17,235,0.51,"2,490",0.98,145,448
32,Cyclosporiasis,"1,194",0.40,2017,5,2,5,7,41,210,439,361,71,21,7,25,0,0,0,9,0.06,17,0.05,90,0.23,278,0.46,546,0.58,222,0.48,32,666,0.44,522,0.36,6,1,0.02,21,0.10,44,0.11,826,0.36,44,258
33,"Dengue virus infections, Dengue",437,0.13,2017,32,17,13,9,14,22,58,59,70,57,48,38,0,1,0.03,2,0.01,33,0.08,57,0.13,139,0.21,169,0.16,36,0.07,0,212,0.13,225,0.14,0,1,0.02,145,0.68,15,0.03,130,0.05,22,124
34,"Dengue virus infections, Dengue-like illness",8,0.00,2017,0,0,0,1,1,1,0,2,1,1,0,1,0,0,0,0,0,1,0.00,2,0.00,1,0.00,4,0.00,0,0,0,3,0.00,5,0.00,0,S,S,S,S,S,S,S,S,S,S
35,"Dengue virus infections, Severe dengue",9,0.00,2017,1,0,0,0,2,0,2,2,0,1,0,1,0,0,0,0,0,0,0,1,0.00,4,0.01,4,0.00,0,0,0,4,0.00,5,0.00,0,S,S,S,S,S,S,S,S,S,S
36,Diphtheria,0,0,2017,0,0,0,0,0,0,0,0,0,0,0,0,0,0,0,0,0,0,0,0,0,0,0,0,0,0,0,0,0,0,0,0,0,0,0,0,0,0,0,0,0,0,0
37,"Ehrlichiosis and Anaplasmosis, Anaplasma phagocytophilum infection","5,762",1.83,2017,18,28,54,206,667,"1,261","1,590",510,343,340,485,260,0,0,0,24,0.16,147,0.37,156,0.37,479,0.75,"2,455",2.44,"2,483",5.05,18,"2,190",1.37,"3,564",2.31,8,33,0.79,41,0.21,26,0.06,"3,921",1.60,199,"1,542"
38,"Ehrlichiosis and Anaplasmosis, Ehrlichia chaffeensis infection","1,642",0.52,2017,6,12,9,63,175,268,387,232,196,91,48,155,0,0,0,11,0.07,44,0.11,99,0.24,195,0.30,720,0.72,569,1.16,4,651,0.41,988,0.64,3,11,0.26,19,0.10,37,0.08,"1,123",0.46,37,415
39,"Ehrlichiosis and Anaplasmosis, Ehrlichia ewingii infection",45,0.01,2017,1,0,0,1,4,8,19,9,1,1,0,1,0,0,0,0,0,0,0,1,0.00,2,0.00,25,0.03,17,0.04,0,13,0.01,32,0.02,0,0,0,0,0,0,0,40,0.02,1,4
40,"Ehrlichiosis and Anaplasmosis, Undetermined ehrlichiosis/anaplasmosis",269,0.09,2017,2,2,4,12,22,40,77,34,34,18,12,12,0,0,0,3,0.02,8,0.02,25,0.06,40,0.06,114,0.11,76,0.16,3,123,0.08,146,0.10,0,5,0.12,0,0,2,0.00,187,0.08,21,54
41,Giardiasis,"15,193",5.94,2017,914,913,980,"1,244","1,021","1,015","1,583","1,527","1,841","1,249",987,"1,919",0,113,3.73,"1,388",11.26,"1,557",4.92,"1,792",5.32,"3,378",6.49,"5,040",6.15,"1,883",4.61,42,"5,792",4.46,"9,354",7.43,47,76,2.10,427,2.35,"1,202",3.46,"7,740",3.89,864,"4,884"
42,Gonorrhea,"555,608",170.58,2017,"38,343","38,974","39,784","49,829","41,064","41,445","54,817","46,444","56,307","47,209","42,980","58,412",0,90,2.28,113,0.71,"2,835",6.90,"248,470",574.49,"237,275",356.40,"64,403",61.92,"2,063",4.06,359,"232,587",140.70,"322,169",200.84,852,"7,661",163.38,"7,541",35.55,"221,377",482.47,"169,576",66.78,"31,460","117,993"
43,"Haemophilus influenzae, invasive disease, All ages, all serotypes","5,548",1.70,2017,466,442,428,543,415,435,494,290,411,387,410,827,0,363,9.21,262,1.64,116,0.28,137,0.32,354,0.53,"1,456",1.40,"2,852",5.61,8,"3,082",1.86,"2,443",1.52,23,70,1.49,95,0.45,843,1.84,"3,552",1.40,142,846
44,"Haemophilus influenzae, invasive disease, Age <5 years, Serotype b",33,0.17,2017,1,0,1,5,2,4,4,1,3,2,3,7,0,17,0.43,16,0.10,0,0,0,0,0,0,0,0,0,0,0,17,0.17,16,0.16,0,3,0.78,0,0,3,0.09,20,0.13,1,6
45,"Haemophilus influenzae, invasive disease, Age <5 years, Non-b serotype",189,0.95,2017,14,23,20,14,13,16,15,11,14,10,14,25,0,92,2.34,97,0.61,0,0,0,0,0,0,0,0,0,0,0,81,0.83,108,1.06,0,15,3.91,3,0.23,49,1.44,92,0.62,8,22
46,"Haemophilus influenzae, invasive disease, Age <5 years, Nontypeable",200,1.00,2017,17,18,18,22,15,16,17,6,12,9,14,36,0,140,3.55,60,0.38,0,0,0,0,0,0,0,0,0,0,0,89,0.91,111,1.09,0,4,1.04,7,0.54,43,1.26,104,0.70,12,30
47,"Haemophilus influenzae, invasive disease, Age <5 years, Unknown serotype",203,1.02,2017,14,19,15,26,15,13,22,14,10,13,19,23,0,114,2.89,89,0.56,0,0,0,0,0,0,0,0,0,0,0,91,0.93,110,1.08,2,4,1.04,10,0.78,48,1.41,98,0.66,17,26
48,Hansen's disease,94,0.03,2017,8,3,9,12,8,10,10,4,10,9,4,7,0,0,0,0,0,1,0.00,4,0.01,16,0.03,32,0.03,23,0.05,18,27,0.02,50,0.03,17,0,0,19,0.10,7,0.02,40,0.02,4,24
49,"Hantavirus infection, non-hantavirus pulmonary syndrome",2,0.00,2017,1,0,0,0,0,0,0,0,0,0,0,1,0,0,0,0,0,0,0,1,0.00,1,0.00,0,0,0,0,0,1,0.00,1,0.00,0,S,S,S,S,S,S,S,S,S,S
50,Hantavirus pulmonary syndrome,33,0.01,2017,0,2,1,3,5,4,3,1,4,3,0,7,0,0,0,0,0,0,0,1,0.00,10,0.02,15,0.01,7,0.01,0,14,0.01,19,0.01,0,6,0.13,0,0,0,0,17,0.01,1,9
51,Hemolytic uremic syndrome post-diarrheal,338,0.11,2017,12,16,19,30,23,24,56,28,47,26,26,31,0,6,0.16,156,1.00,90,0.22,39,0.09,7,0.01,20,0.02,18,0.04,2,173,0.11,165,0.11,0,3,0.07,11,0.05,13,0.03,261,0.11,17,33
52,"Hepatitis, A, acute","3,365",1.03,2017,104,145,166,230,238,246,361,391,449,323,289,423,0,1,0.03,19,0.12,44,0.11,255,0.59,"1,358",2.04,"1,345",1.29,338,0.66,5,"1,149",0.70,"2,208",1.38,8,13,0.28,123,0.58,306,0.67,"2,310",0.91,184,429
53,"Hepatitis, B, acute","3,409",1.05,2017,229,228,324,342,266,250,318,239,336,271,220,386,0,0,0,2,0.01,0,0,99,0.23,"1,183",1.79,"1,881",1.82,242,0.48,2,"1,301",0.79,"2,095",1.31,13,19,0.41,67,0.32,415,0.91,"2,316",0.92,146,446
54,"Hepatitis, B, perinatal infection",31,0.39,2017,2,2,3,4,1,2,2,2,3,4,3,3,0,22,0.56,8,0.20,0,0,0,0,0,0,0,0,0,0,1,13,0.34,18,0.45,0,0,0,15,3.01,2,0.15,6,0.10,1,7
55,"Hepatitis, C, acute","4,225",1.36,2017,284,329,341,389,347,326,393,327,390,273,312,514,0,13,0.35,21,0.14,2,0.01,669,1.63,"2,234",3.52,"1,149",1.16,105,0.22,32,"1,824",1.16,"2,381",1.56,20,81,1.97,27,0.13,244,0.56,"3,136",1.30,189,548
56,"Hepatitis, C, acute, Confirmed","3,213",1.04,2017,227,252,258,288,275,253,304,240,298,211,237,370,0,11,0.29,18,0.12,1,0.00,514,1.25,"1,681",2.65,874,0.88,84,0.17,30,"1,428",0.91,"1,775",1.16,10,66,1.61,24,0.12,211,0.48,"2,347",0.97,151,414
57,"Hepatitis, C, acute, Probable","1,012",0.33,2017,57,77,83,101,72,73,89,87,92,62,75,144,0,2,0.05,3,0.02,1,0.00,155,0.38,553,0.87,275,0.28,21,0.04,2,396,0.25,606,0.40,10,15,0.37,3,0.01,33,0.08,789,0.33,38,134
58,Human immunodeficiency virus diagnoses,"33,938",10.42,2017,"3,288","3,059","3,336","3,063","3,294","3,360","3,231","3,327","2,742","2,815","1,981",437,5,32,0.81,15,0.09,49,0.12,"7,040",16.28,"15,561",23.37,"10,459",10.06,782,1.54,0,"6,428",3.89,"27,510",17.15,0,178,3.80,870,4.10,"14,956",32.60,"9,292",3.66,"8,642",0
59,Influenza-associated pediatric mortality,126,0.17,2017,15,24,21,33,9,2,4,0,3,3,4,8,0,16,0.41,31,0.19,64,0.16,15,0.12,0,0,0,0,0,0,0,70,0.19,56,0.15,0,1,0.07,5,0.11,31,0.25,67,0.12,3,19
60,"Invasive pneumococcal disease, All ages","19,780",8.15,2017,"1,991","2,122","2,045","2,278","1,508","1,269",915,634,"1,147","1,093","1,475","3,303",0,435,14.87,733,6.17,500,1.64,325,1.01,"1,491",3.05,"8,007",10.30,"8,062",20.91,227,"9,573",7.76,"10,109",8.47,98,381,13.06,247,2.01,"3,289",8.72,"11,753",6.19,500,"3,610"
61,"Invasive pneumococcal disease, All ages, Confirmed","19,620",8.08,2017,"1,979","2,110","2,030","2,255","1,497","1,256",913,626,"1,133","1,082","1,465","3,274",0,432,14.76,724,6.09,490,1.61,322,1.00,"1,481",3.03,"7,942",10.22,"8,002",20.75,227,"9,499",7.70,"10,024",8.40,97,380,13.03,245,1.99,"3,262",8.65,"11,673",6.15,492,"3,568"
62,"Invasive pneumococcal disease, All ages, Probable",160,0.07,2017,12,12,15,23,11,13,2,8,14,11,10,29,0,3,0.10,9,0.08,10,0.03,3,0.01,10,0.02,65,0.08,60,0.16,0,74,0.06,85,0.07,1,1,0.03,2,0.02,27,0.07,80,0.04,8,42
63,"Invasive pneumococcal disease, Age <5 years","1,234",0.47,2017,80,110,129,128,105,83,60,53,95,89,115,187,0,454,14.39,780,6.09,0,0,0,0,0,0,0,0,0,0,0,528,0.40,700,0.55,6,39,1.13,44,0.33,264,0.66,639,0.31,37,211
64,"Invasive pneumococcal disease, Age <5 years, Confirmed","1,220",7.64,2017,80,108,127,128,104,82,60,52,92,89,114,184,0,450,14.27,770,6.01,0,0,0,0,0,0,0,0,0,0,0,522,6.69,692,8.48,6,39,13.51,43,5.14,260,8.68,632,5.34,37,209
65,"Invasive pneumococcal disease, Age <5 years, Probable",14,0.09,2017,0,2,2,0,1,1,0,1,3,0,1,3,0,4,0.13,10,0.08,0,0,0,0,0,0,0,0,0,0,0,6,0.08,8,0.10,0,0,0,1,0.12,4,0.13,7,0.06,0,2
66,Legionellosis,"7,458",2.29,2017,371,315,251,410,538,645,"1,274",857,980,705,573,539,0,1,0.03,4,0.03,2,0.00,55,0.13,529,0.79,"3,453",3.32,"3,412",6.71,2,"2,865",1.73,"4,589",2.86,4,28,0.60,103,0.49,"1,579",3.44,"4,706",1.85,215,827
67,Leptospirosis,72,0.03,2017,4,7,3,8,6,2,9,6,8,2,7,10,0,0,0,0,0,2,0.01,8,0.02,19,0.04,32,0.04,11,0.03,0,18,0.01,54,0.04,0,1,0.03,9,0.05,4,0.01,32,0.02,9,17
68,Listeriosis,887,0.27,2017,48,48,51,58,52,68,105,102,113,82,60,100,0,37,0.94,3,0.02,8,0.02,23,0.05,86,0.13,221,0.21,504,0.99,5,482,0.29,401,0.25,4,3,0.06,81,0.38,96,0.21,581,0.23,35,91
69,"Lyme disease, Total","42,743",13.18,2017,"1,134","1,032","1,170","1,863","2,582","5,647","11,472","6,481","4,467","2,579","2,063","2,253",0,24,0.61,"1,580",9.92,"6,489",15.86,"3,801",8.82,"5,570",8.40,"15,005",14.49,"9,396",18.57,878,"17,710",10.76,"24,392",15.27,641,109,2.33,361,1.78,390,0.85,"23,641",9.33,961,"17,281"
70,"Lyme disease, Confirmed","29,513",9.10,2017,726,644,711,"1,141","1,635","3,964","8,489","4,671","3,028","1,724","1,337","1,443",0,21,0.54,"1,309",8.22,"4,816",11.77,"2,500",5.80,"3,724",5.62,"10,463",10.10,"6,034",11.92,646,"12,152",7.38,"16,920",10.60,441,66,1.41,238,1.17,256,0.56,"16,153",6.37,741,"12,059"
71,"Lyme disease, Probable","13,230",4.08,2017,408,388,459,722,947,"1,683","2,983","1,810","1,439",855,726,810,0,3,0.08,271,1.70,"1,673",4.09,"1,301",3.02,"1,846",2.79,"4,542",4.39,"3,362",6.64,232,"5,558",3.38,"7,472",4.68,200,43,0.92,123,0.61,134,0.29,"7,488",2.95,220,"5,222"
72,Malaria,"2,056",0.63,2017,120,105,65,138,162,189,288,293,260,163,102,171,0,6,0.15,61,0.38,214,0.52,309,0.71,556,0.84,772,0.74,137,0.27,1,756,0.46,"1,296",0.81,4,4,0.09,121,0.57,"1,335",2.91,244,0.10,71,281
73,"Measles, Total",120,0.04,2017,15,3,7,33,41,8,5,1,2,0,0,5,0,11,0.28,58,0.36,20,0.05,11,0.03,8,0.01,11,0.01,1,0.00,0,52,0.03,66,0.04,2,0,0,10,0.05,62,0.14,34,0.01,3,11
74,"Measles, Indigenous",99,0.03,2017,10,2,2,33,39,7,3,0,1,0,0,2,0,7,0.18,55,0.34,18,0.04,7,0.02,5,0.01,6,0.01,1,0.00,0,40,0.02,57,0.04,2,0,0,3,0.01,62,0.14,26,0.01,2,6
75,"Measles, Imported",21,0.01,2017,5,1,5,0,2,1,2,1,1,0,0,3,0,4,0.10,3,0.02,2,0.00,4,0.01,3,0.00,5,0.00,0,0,0,12,0.01,9,0.01,0,0,0,7,0.03,0,0,8,0.00,1,5
76,"Meningococcal disease, All serogroups",353,0.11,2017,34,29,34,35,32,18,22,17,26,28,32,46,0,26,0.66,20,0.13,23,0.06,75,0.17,53,0.08,81,0.08,75,0.15,0,168,0.10,184,0.11,1,0,0,9,0.04,52,0.11,222,0.09,15,55
77,"Meningococcal disease, Serogroups ACWY",107,0.03,2017,11,5,10,9,13,2,5,4,7,10,14,17,0,4,0.10,3,0.02,3,0.01,7,0.02,20,0.03,38,0.04,32,0.06,0,54,0.03,53,0.03,0,0,0,3,0.01,21,0.05,68,0.03,3,12
78,"Meningococcal disease, Serogroup B",90,0.03,2017,8,8,11,7,6,2,8,1,9,6,13,11,0,12,0.30,6,0.04,7,0.02,37,0.09,6,0.01,11,0.01,11,0.02,0,44,0.03,46,0.03,0,0,0,1,0.00,10,0.02,65,0.03,3,11
79,"Meningococcal disease, Other serogroups",25,0.01,2017,3,2,1,4,1,4,0,1,2,1,1,5,0,0,0,2,0.01,2,0.00,8,0.02,7,0.01,1,0.00,5,0.01,0,11,0.01,14,0.01,0,0,0,0,0,9,0.02,9,0.00,2,5
80,"Meningococcal disease, Unknown serogroup",131,0.04,2017,12,14,12,15,12,10,9,11,8,11,4,13,0,10,0.25,9,0.06,11,0.03,23,0.05,20,0.03,31,0.03,27,0.05,0,59,0.04,71,0.04,1,0,0,5,0.02,12,0.03,80,0.03,7,27
81,Mumps,"6,109",1.88,2017,619,669,652,631,469,324,293,232,328,306,341,"1,245",0,13,0.33,184,1.15,"1,083",2.64,"2,471",5.71,"1,424",2.14,831,0.80,94,0.18,9,"2,766",1.67,"3,336",2.08,7,56,1.19,"1,599",7.54,409,0.89,"2,530",1.00,312,"1,203"
82,Novel Influenza A virus infections,66,0.02,2017,0,0,0,1,0,0,12,8,34,9,1,1,0,1,0.03,8,0.05,9,0.02,1,0.00,0,0,1,0.00,0,0,46,34,0.02,32,0.02,0,0,0,0,0,2,0.00,61,0.02,0,3
83,Pertussis,"18,975",5.83,2017,"1,137","1,113","1,190","1,769","1,670","1,500","1,961","1,391","1,496","1,132","1,637","2,979",0,"2,237",56.79,"2,779",17.37,"6,015",14.64,"4,204",9.72,"1,035",1.55,"1,924",1.85,739,1.45,42,"10,348",6.26,"8,589",5.35,38,122,2.60,337,1.59,987,2.15,"13,031",5.13,721,"3,777"
84,Plague,5,0.00,2017,0,0,0,1,1,2,1,0,0,0,0,0,0,0,0,0,0,0,0,0,0,0,0,3,0.00,2,0.00,0,2,0.00,3,0.00,0,S,S,S,S,S,S,S,S,S,S
85,"Poliomyelitis, paralytic",0,0,2017,0,0,0,0,0,0,0,0,0,0,0,0,0,0,0,0,0,0,0,0,0,0,0,0,0,0,0,0,0,0,0,0,0,0,0,0,0,0,0,0,0,0,0
86,"Poliovirus infection, nonparalytic",0,0,2017,0,0,0,0,0,0,0,0,0,0,0,0,0,0,0,0,0,0,0,0,0,0,0,0,0,0,0,0,0,0,0,0,0,0,0,0,0,0,0,0,0,0,0
87,Psittacosis,5,0.00,2017,1,0,1,0,1,0,0,0,1,0,1,0,0,0,0,0,0,1,0.00,0,0,1,0.00,2,0.00,1,0.00,0,4,0.00,1,0.00,0,S,S,S,S,S,S,S,S,S,S
88,"Q fever, Total",193,0.06,2017,9,8,12,28,23,17,25,17,10,11,16,17,0,0,0,0,0,3,0.01,4,0.01,25,0.04,103,0.10,58,0.11,0,51,0.03,142,0.09,0,0,0,6,0.03,4,0.01,127,0.05,10,46
89,"Q fever, Acute",153,0.05,2017,7,6,6,24,18,14,23,12,7,10,14,12,0,0,0,0,0,3,0.01,3,0.01,21,0.03,83,0.08,43,0.08,0,35,0.02,118,0.07,0,0,0,5,0.02,2,0.00,104,0.04,9,33
90,"Q fever, Chronic",40,0.01,2017,2,2,6,4,5,3,2,5,3,1,2,5,0,0,0,0,0,0,0,1,0.00,4,0.01,20,0.02,15,0.03,0,16,0.01,24,0.02,0,0,0,1,0.00,2,0.00,23,0.01,1,13
91,"Rabies, Human",2,0.00,2017,0,0,0,0,1,0,0,0,0,0,1,0,0,0,0,0,0,0,0,0,0,0,0,1,0.00,1,0.00,0,2,0.00,0,0,0,S,S,S,S,S,S,S,S,S,S
92,Rubella,7,0.00,2017,0,0,1,2,0,0,1,0,0,1,0,2,0,0,0,1,0.01,0,0,2,0.00,1,0.00,2,0.00,1,0.00,0,4,0.00,3,0.00,0,S,S,S,S,S,S,S,S,S,S
93,"Rubella, congenital syndrome",5,0.13,2017,0,2,1,0,0,0,0,0,0,0,0,2,0,5,0.13,0,0,0,0,0,0,0,0,0,0,0,0,0,2,0.10,3,0.15,0,S,S,S,S,S,S,S,S,S,S
94,Salmonellosis,"54,285",16.67,2017,"2,148","2,185","2,406","4,066","3,810","4,763","7,488","6,464","6,926","5,143","3,813","5,073",0,"5,278",133.98,"7,138",44.61,"5,418",13.19,"5,018",11.60,"7,723",11.60,"14,219",13.67,"9,223",18.13,268,"28,850",17.45,"25,195",15.71,240,399,8.51,"1,845",8.70,"4,634",10.10,"34,011",13.39,"3,318","10,078"
95,Severe acute respiratory syndrome-associated coronavirus disease,0,0,2017,0,0,0,0,0,0,0,0,0,0,0,0,0,0,0,0,0,0,0,0,0,0,0,0,0,0,0,0,0,0,0,0,0,0,0,0,0,0,0,0,0,0,0
96,Shiga toxin-producing Escherichia coli,"8,672",2.66,2017,313,342,358,739,617,775,"1,128","1,014","1,028",755,606,997,0,309,7.84,"1,860",11.63,"1,383",3.37,"1,654",3.82,"1,268",1.90,"1,209",1.16,921,1.81,68,"4,527",2.74,"4,127",2.57,18,64,1.36,226,1.07,399,0.87,"5,854",2.31,419,"1,710"
97,Shigellosis,"14,912",4.58,2017,989,"1,054",946,"1,210","1,132","1,201","1,511","1,348","1,534","1,203","1,108","1,676",0,226,5.74,"3,036",18.98,"2,876",7.00,"1,339",3.10,"3,048",4.58,"3,204",3.08,"1,078",2.12,105,"6,628",4.01,"8,232",5.13,52,196,4.18,369,1.74,"3,006",6.55,"7,842",3.09,"1,103","2,396"
98,Smallpox,0,0,2017,0,0,0,0,0,0,0,0,0,0,0,0,0,0,0,0,0,0,0,0,0,0,0,0,0,0,0,0,0,0,0,0,0,0,0,0,0,0,0,0,0,0,0
99,"Spotted fever rickettsiosis, Total","6,248",1.93,2017,43,64,103,353,577,"1,062","1,364",929,745,385,189,434,0,2,0.05,68,0.43,286,0.70,488,1.14,"1,209",1.83,"2,787",2.70,"1,402",2.77,6,"2,289",1.39,"3,956",2.48,3,122,2.68,31,0.15,134,0.29,"4,298",1.70,141,"1,522"
100,"Spotted fever rickettsiosis, Confirmed",176,0.05,2017,4,2,5,21,22,24,31,29,14,6,3,15,0,0,0,7,0.04,7,0.02,6,0.01,37,0.06,84,0.08,35,0.07,0,64,0.04,112,0.07,0,5,0.11,0,0,5,0.01,108,0.04,3,55
101,"Spotted fever rickettsiosis, Probable","6,072",1.88,2017,39,62,98,332,555,"1,038","1,333",900,731,379,186,419,0,2,0.05,61,0.38,279,0.68,482,1.12,"1,172",1.77,"2,703",2.62,"1,367",2.71,6,"2,225",1.35,"3,844",2.41,3,117,2.57,31,0.15,129,0.28,"4,190",1.66,138,"1,467"
102,Streptococcal toxic shock syndrome,372,0.18,2017,32,33,35,57,51,31,24,12,16,13,23,45,0,4,0.16,4,0.04,17,0.07,11,0.04,58,0.14,156,0.23,122,0.37,0,167,0.16,205,0.20,0,0,0,9,0.08,61,0.19,250,0.15,16,36
103,"Syphilis, Total, all stages","101,567",31.18,2017,"6,751","7,730","8,018","9,893","7,992","7,757","9,388","8,190","9,663","8,265","7,512","10,408",0,924,23.46,4,0.03,55,0.13,"19,761",45.69,"49,521",74.38,"29,296",28.17,"1,972",3.88,34,"18,146",10.98,"82,314",51.32,"1,107",857,18.28,"2,762",13.02,"33,974",74.04,"48,505",19.10,"7,617","7,852"
104,"Syphilis, Congenital",918,23.30,2017,74,63,67,67,68,69,91,84,72,98,77,88,0,918,23.30,0,0,0,0,0,0,0,0,0,0,0,0,0,0,0,0,0,918,14,18.34,14,5.70,359,53.10,474,16.11,22,35
105,"Syphilis, Primary and secondary","30,644",9.41,2017,"2,096","2,310","2,352","2,934","2,346","2,295","2,875","2,489","3,016","2,507","2,315","3,109",0,3,0.08,2,0.01,21,0.05,"7,001",16.19,"15,288",22.96,"7,967",7.66,349,0.69,13,"3,722",2.25,"26,885",16.76,37,297,6.33,885,4.17,"9,869",21.51,"15,525",6.11,"2,086","1,982"
106,Tetanus,33,0.01,2017,3,5,3,3,3,1,5,4,4,2,0,0,0,0,0,0,0,3,0.01,0,0,5,0.01,6,0.01,7,0.01,12,17,0.01,16,0.01,0,0,0,0,0,3,0.01,22,0.01,0,8
107,Toxic shock syndrome (other than Streptococcal),30,0.01,2017,0,3,1,8,1,3,3,2,4,0,3,2,0,0,0,2,0.02,15,0.05,5,0.02,1,0.00,3,0.00,4,0.01,0,20,0.02,9,0.01,1,0,0,1,0.01,3,0.01,14,0.01,1,11
108,Trichinellosis,15,0.00,2017,3,0,1,3,6,0,0,0,0,1,0,1,0,0,0,0,0,0,0,1,0.00,6,0.01,5,0.01,3,0.01,0,5,0.00,10,0.01,0,S,S,S,S,S,S,S,S,S,S
109,Tuberculosis,"9,105",2.80,2017,504,624,801,686,803,799,748,846,737,779,687,"1,091",0,53,1.35,175,1.09,201,0.49,847,1.96,"2,162",3.25,"3,354",3.22,"2,305",4.53,8,"3,515",2.13,"5,584",3.48,6,110,2.35,"3,273",15.43,"1,958",4.27,"3,453",1.36,157,154
110,Tularemia,239,0.07,2017,1,5,3,14,25,31,38,25,33,14,21,29,0,1,0.03,10,0.06,39,0.09,11,0.03,35,0.05,100,0.10,43,0.08,0,94,0.06,145,0.09,0,24,0.51,3,0.01,6,0.01,155,0.06,6,45
111,Typhoid fever,419,0.13,2017,41,20,23,37,22,19,46,42,53,52,19,45,0,2,0.05,49,0.31,94,0.23,57,0.13,123,0.18,77,0.07,16,0.03,1,191,0.12,227,0.14,1,4,0.09,196,0.92,54,0.12,66,0.03,47,52
112,Vancomycin-intermediate Staphylococcus aureus,109,0.04,2017,5,13,7,9,2,9,13,7,16,6,12,10,0,0,0,2,0.02,1,0.00,6,0.02,15,0.03,39,0.05,46,0.12,0,43,0.03,65,0.05,1,0,0,0,0,25,0.06,63,0.03,7,14
113,Vancomycin-resistant Staphylococcus aureus,3,0.00,2017,0,1,0,0,0,0,0,0,1,1,0,0,0,0,0,0,0,0,0,0,0,0,0,1,0.00,2,0.00,0,0,0,3,0.00,0,S,S,S,S,S,S,S,S,S,S
114,Varicella morbidity,"8,775",3.30,2017,676,740,781,960,748,513,566,495,831,772,778,915,0,724,22.34,"1,881",14.31,"3,039",9.02,867,2.45,836,1.53,633,0.75,110,0.27,685,"4,281",3.17,"4,446",3.39,48,63,1.77,508,2.80,557,1.47,"5,454",2.64,393,"1,800"
115,"Vibriosis, Total","2,085",0.65,2017,60,61,81,145,126,158,333,277,273,194,129,248,0,18,0.46,44,0.28,141,0.35,124,0.29,360,0.55,830,0.81,560,1.12,8,812,0.50,"1,266",0.80,7,15,0.32,116,0.55,137,0.30,"1,386",0.56,101,330
116,"Vibriosis, Confirmed","1,497",0.47,2017,45,39,54,95,85,111,271,209,203,135,75,175,0,4,0.10,20,0.13,123,0.30,90,0.21,258,0.39,617,0.60,379,0.76,6,525,0.32,965,0.61,7,11,0.24,82,0.39,91,0.20,977,0.39,85,251
117,"Vibriosis, Probable",588,0.18,2017,15,22,27,50,41,47,62,68,70,59,54,73,0,14,0.36,24,0.15,18,0.04,34,0.08,102,0.16,213,0.21,181,0.36,2,287,0.18,301,0.19,0,4,0.09,34,0.16,46,0.10,409,0.16,16,79
118,"Viral hemorrhagic fevers, Crimean-Congo hemorrhagic fever virus",0,0,2017,0,0,0,0,0,0,0,0,0,0,0,0,0,0,0,0,0,0,0,0,0,0,0,0,0,0,0,0,0,0,0,0,0,0,0,0,0,0,0,0,0,0,0
119,"Viral hemorrhagic fevers, Ebola virus",0,0,2017,0,0,0,0,0,0,0,0,0,0,0,0,0,0,0,0,0,0,0,0,0,0,0,0,0,0,0,0,0,0,0,0,0,0,0,0,0,0,0,0,0,0,0
120,"Viral hemorrhagic fevers, Guanarito virus",0,0,2017,0,0,0,0,0,0,0,0,0,0,0,0,0,0,0,0,0,0,0,0,0,0,0,0,0,0,0,0,0,0,0,0,0,0,0,0,0,0,0,0,0,0,0
121,"Viral hemorrhagic fevers, Junin virus",0,0,2017,0,0,0,0,0,0,0,0,0,0,0,0,0,0,0,0,0,0,0,0,0,0,0,0,0,0,0,0,0,0,0,0,0,0,0,0,0,0,0,0,0,0,0
122,"Viral hemorrhagic fevers, Lassa virus",0,0,2017,0,0,0,0,0,0,0,0,0,0,0,0,0,0,0,0,0,0,0,0,0,0,0,0,0,0,0,0,0,0,0,0,0,0,0,0,0,0,0,0,0,0,0
123,"Viral hemorrhagic fevers, Lujo virus",0,0,2017,0,0,0,0,0,0,0,0,0,0,0,0,0,0,0,0,0,0,0,0,0,0,0,0,0,0,0,0,0,0,0,0,0,0,0,0,0,0,0,0,0,0,0
124,"Viral hemorrhagic fevers, Machupo virus",0,0,2017,0,0,0,0,0,0,0,0,0,0,0,0,0,0,0,0,0,0,0,0,0,0,0,0,0,0,0,0,0,0,0,0,0,0,0,0,0,0,0,0,0,0,0
125,"Viral hemorrhagic fevers, Marburg virus",0,0,2017,0,0,0,0,0,0,0,0,0,0,0,0,0,0,0,0,0,0,0,0,0,0,0,0,0,0,0,0,0,0,0,0,0,0,0,0,0,0,0,0,0,0,0
126,"Viral hemorrhagic fevers, Sabia virus",0,0,2017,0,0,0,0,0,0,0,0,0,0,0,0,0,0,0,0,0,0,0,0,0,0,0,0,0,0,0,0,0,0,0,0,0,0,0,0,0,0,0,0,0,0,0
127,Yellow fever,0,0,2017,0,0,0,0,0,0,0,0,0,0,0,0,0,0,0,0,0,0,0,0,0,0,0,0,0,0,0,0,0,0,0,0,0,0,0,0,0,0,0,0,0,0,0
128,"Zika virus, Zika virus disease, congenital",22,0.56,2017,7,4,2,3,1,2,0,0,0,2,1,0,0,22,0.56,0,0,0,0,0,0,0,0,0,0,0,0,0,7,0.36,15,0.74,0,S,S,S,S,S,S,S,S,S,S
129,"Zika virus, Zika virus disease, non-congenital",497,0.15,2017,80,48,34,39,25,28,44,61,53,37,25,23,0,0,0,4,0.03,15,0.04,84,0.19,172,0.26,183,0.18,39,0.08,0,324,0.20,173,0.11,0,0,0,12,0.06,21,0.05,290,0.11,46,128
130,"Zika virus, Zika virus infection, congenital",17,0.43,2017,1,1,0,4,2,3,4,0,2,0,0,0,0,17,0.43,0,0,0,0,0,0,0,0,0,0,0,0,0,8,0.42,9,0.45,0,S,S,S,S,S,S,S,S,S,S
131,"Zika virus, Zika virus infection, non-congenital",641,0.20,2017,61,59,44,79,71,63,70,34,43,36,35,46,0,0,0,0,0,0,0,193,0.45,411,0.62,33,0.03,4,0.01,0,599,0.36,42,0.03,0,1,0.02,27,0.13,146,0.32,189,0.07,101,177
0,Anthrax,1,0.00,2018,0,0,0,0,0,0,0,0,1,0,0,0,0,0,0,0,0,0,0,0,0,1,0.00,0,0,0,0,0,0,0,1,0.00,0,S,S,S,S,S,S,S,S,S,S
1,"Arboviral diseases, Chikungunya virus disease",117,0.04,2018,7,4,4,11,9,11,18,17,13,9,4,10,0,1,0.03,2,0.01,8,0.02,9,0.02,41,0.06,45,0.04,11,0.02,0,79,0.05,38,0.02,0,0,0,33,0.15,6,0.01,31,0.01,7,40
2,"Arboviral diseases, Eastern equine encephalitis virus disease, Neuroinvasive",6,0.00,2018,0,0,0,0,0,2,0,2,1,1,0,0,0,0,0,0,0,0,0,0,0,0,0,3,0.00,3,0.01,0,3,0.00,3,0.00,0,S,S,S,S,S,S,S,S,S,S
3,"Arboviral diseases, Eastern equine encephalitis virus disease, Non-neuroinvasive",0,0,2018,0,0,0,0,0,0,0,0,0,0,0,0,0,0,0,0,0,0,0,0,0,0,0,0,0,0,0,0,0,0,0,0,0,0,0,0,0,0,0,0,0,0,0
4,"Arboviral diseases, Jamestown Canyon  virus disease, Neuroinvasive",25,0.01,2018,0,0,0,1,2,2,5,4,6,5,0,0,0,0,0,0,0,0,0,4,0.01,4,0.01,10,0.01,7,0.01,0,5,0.00,20,0.01,0,0,0,0,0,1,0.00,17,0.01,4,3
5,"Arboviral diseases, Jamestown Canyon  virus disease, Non-neuroinvasive",16,0.00,2018,0,0,0,0,1,3,5,1,4,0,1,1,0,0,0,0,0,0,0,2,0.00,0,0,10,0.01,4,0.01,0,1,0.00,15,0.01,0,S,S,S,S,S,S,S,S,S,S
6,"Arboviral diseases, La Crosse  virus disease, Neuroinvasive",83,0.03,2018,0,0,0,0,0,3,17,24,21,14,3,1,0,2,0.05,14,0.09,58,0.14,4,0.01,2,0.00,2,0.00,1,0.00,0,43,0.03,40,0.02,0,3,0.06,0,0,1,0.00,72,0.03,1,6
7,"Arboviral diseases, La Crosse  virus disease, Non-neuroinvasive",3,0.00,2018,0,0,0,0,0,1,0,0,2,0,0,0,0,0,0,0,0,3,0.01,0,0,0,0,0,0,0,0,0,0,0,3,0.00,0,S,S,S,S,S,S,S,S,S,S
8,"Arboviral diseases, Powassan virus disease, Neuroinvasive",21,0.01,2018,0,0,1,1,2,5,6,0,1,2,2,1,0,0,0,0,0,1,0.00,0,0,1,0.00,7,0.01,12,0.02,0,7,0.00,14,0.01,0,S,S,S,S,S,S,S,S,S,S
9,"Arboviral diseases, Powassan virus disease, Non-neuroinvasive",0,0,2018,0,0,0,0,0,0,0,0,0,0,0,0,0,0,0,0,0,0,0,0,0,0,0,0,0,0,0,0,0,0,0,0,0,0,0,0,0,0,0,0,0,0,0
10,"Arboviral diseases, St. Louis encephalitis virus disease, Neuroinvasive",5,0.00,2018,0,0,0,0,0,0,0,1,1,2,1,0,0,0,0,0,0,0,0,0,0,0,0,1,0.00,4,0.01,0,2,0.00,3,0.00,0,S,S,S,S,S,S,S,S,S,S
11,"Arboviral diseases, St. Louis encephalitis virus disease, Non-neuroinvasive",3,0.00,2018,0,0,0,0,0,0,2,0,0,1,0,0,0,0,0,0,0,0,0,0,0,1,0.00,2,0.00,0,0,0,2,0.00,1,0.00,0,S,S,S,S,S,S,S,S,S,S
12,"Arboviral diseases, West Nile virus disease, Non-neuroinvasive",989,0.30,2018,0,0,1,1,3,9,146,354,406,48,12,9,0,1,0.03,3,0.02,11,0.03,58,0.13,206,0.31,481,0.46,229,0.44,0,405,0.24,584,0.36,0,21,0.44,9,0.04,29,0.06,661,0.26,33,236
13,"Arboviral diseases, Western equine encephalitis virus disease, Neuroinvasive",0,0,2018,0,0,0,0,0,0,0,0,0,0,0,0,0,0,0,0,0,0,0,0,0,0,0,0,0,0,0,0,0,0,0,0,0,0,0,0,0,0,0,0,0,0,0
14,"Arboviral diseases, Western equine encephalitis virus disease, Non-neuroinvasive",0,0,2018,0,0,0,0,0,0,0,0,0,0,0,0,0,0,0,0,0,0,0,0,0,0,0,0,0,0,0,0,0,0,0,0,0,0,0,0,0,0,0,0,0,0,0
15,"Babesiosis, Total","2,160",0.79,2018,10,17,16,15,39,385,682,412,222,104,75,183,0,5,0.16,3,0.02,30,0.09,44,0.12,159,0.28,878,1.02,"1,041",2.39,0,765,0.55,"1,393",1.04,2,6,0.18,57,0.31,38,0.10,"1,294",0.61,97,668
16,"Babesiosis, Confirmed","1,861",0.68,2018,8,10,11,9,26,327,601,372,184,91,63,159,0,5,0.16,2,0.02,19,0.06,34,0.10,127,0.23,745,0.87,929,2.13,0,651,0.47,"1,208",0.90,2,5,0.15,49,0.27,35,0.10,"1,123",0.53,92,557
17,"Babesiosis, Probable",299,0.11,2018,2,7,5,6,13,58,81,40,38,13,12,24,0,0,0,1,0.01,11,0.03,10,0.03,32,0.06,133,0.15,112,0.26,0,114,0.08,185,0.14,0,1,0.03,8,0.04,3,0.01,171,0.08,5,111
18,"Botulism, Total",225,0.07,2018,17,14,19,18,14,21,13,16,22,20,21,30,0,157,4.08,0,0,2,0.00,3,0.01,18,0.03,37,0.04,8,0.02,0,112,0.07,113,0.07,0,4,0.08,8,0.04,7,0.02,153,0.06,17,36
19,"Botulism, Foodborne",17,0.01,2018,1,0,0,2,0,3,3,0,1,1,1,5,0,0,0,0,0,2,0.00,1,0.00,4,0.01,5,0.00,5,0.01,0,11,0.01,6,0.00,0,S,S,S,S,S,S,S,S,S,S
20,"Botulism, Infant",157,4.08,2018,14,11,17,11,10,12,6,12,11,15,17,21,0,157,4.08,0,0,0,0,0,0,0,0,0,0,0,0,0,86,4.58,71,3.61,0,2,2.68,6,2.51,3,0.45,108,3.76,5,33
21,"Botulism, Other (wound & unspecified)",51,0.02,2018,2,3,2,5,4,6,4,4,10,4,3,4,0,0,0,0,0,0,0,2,0.00,14,0.02,32,0.03,3,0.01,0,15,0.01,36,0.02,0,0,0,0,0,3,0.01,35,0.01,10,3
22,Brucellosis,138,0.04,2018,3,5,14,17,15,14,10,12,14,6,14,14,0,0,0,1,0.01,12,0.03,11,0.03,29,0.04,52,0.05,33,0.06,0,56,0.03,82,0.05,0,3,0.06,6,0.03,12,0.03,76,0.03,20,21
23,Campylobacteriosis,"70,200",21.46,2018,"3,244","3,321","4,836","4,699","5,407","9,038","7,607","6,864","7,124","5,220","4,796","8,044",0,"1,803",46.85,"6,050",37.90,"5,266",12.82,"7,695",17.91,"12,878",19.15,"22,751",21.96,"13,692",26.11,65,"33,351",20.09,"36,693",22.77,156,523,11.04,"1,988",9.20,"3,631",7.85,"43,146",16.95,"6,820","14,092"
24,Chancroid,3,0.00,2018,0,0,1,1,0,0,0,1,0,0,0,0,0,0,0,0,0,0,0,1,0.00,1,0.00,1,0.00,0,0,0,0,0,3,0.00,0,S,S,S,S,S,S,S,S,S,S
25,Chlamydia trachomatis infection,"1,758,668",537.54,2018,"126,499","134,590","169,317","136,608","135,445","163,507","131,200","144,821","176,966","141,520","128,844","169,351",0,434,11.28,62,0.39,"11,049",26.90,"1,087,277","2,530.27","565,787",841.18,"89,516",86.39,"2,331",4.45,"2,212","1,145,063",689.64,"610,447",378.86,"3,158","20,089",423.88,"29,331",135.78,"487,967","1,054.77","543,911",213.66,"126,988","550,382"
26,Cholera,14,0.00,2018,0,2,0,0,1,1,1,0,4,2,1,2,0,1,0.03,1,0.01,1,0.00,0,0,1,0.00,7,0.01,3,0.01,0,5,0.00,9,0.01,0,S,S,S,S,S,S,S,S,S,S
27,Coccidioidomycosis,"15,611",11.58,2018,"1,880","1,304","1,389",995,"1,131","1,356","1,197","1,160","1,354","1,211","1,127","1,507",0,15,0.93,80,1.20,517,3.01,"1,367",7.64,"3,168",11.40,"6,396",15.10,"4,031",18.87,37,"7,032",10.33,"8,552",12.82,27,192,7.78,478,4.68,575,3.98,"4,828",4.48,"3,732","5,806"
28,"Cryptosporidiosis, Total","12,533",3.83,2018,539,533,780,779,795,"1,202","1,452","1,768","1,774","1,023",781,"1,107",0,118,3.07,"1,403",8.79,"1,360",3.31,"1,952",4.54,"3,117",4.63,"3,026",2.92,"1,550",2.96,7,"6,476",3.90,"6,038",3.75,19,68,1.43,192,0.89,941,2.03,"8,837",3.47,665,"1,830"
29,"Cryptosporidiosis, Confirmed","8,980",2.74,2018,347,328,508,512,521,854,"1,100","1,316","1,351",765,566,812,0,94,2.44,"1,078",6.75,"1,019",2.48,"1,470",3.42,"2,326",3.46,"2,122",2.05,866,1.65,5,"4,540",2.73,"4,428",2.75,12,48,1.01,134,0.62,704,1.52,"6,158",2.42,505,"1,431"
30,"Cryptosporidiosis, Probable","3,553",1.09,2018,192,205,272,267,274,348,352,452,423,258,215,295,0,24,0.62,325,2.04,341,0.83,482,1.12,791,1.18,904,0.87,684,1.30,2,"1,936",1.17,"1,610",1.00,7,20,0.42,58,0.27,237,0.51,"2,679",1.05,160,399
31,Cyclosporiasis,"3,519",1.20,2018,4,7,15,22,148,"1,147","1,639",325,113,26,20,53,0,3,0.09,9,0.06,45,0.12,257,0.67,828,1.37,"1,806",1.95,547,1.17,24,"1,924",1.30,"1,594",1.11,1,13,0.32,67,0.33,136,0.33,"2,468",1.09,300,535
32,"Dengue virus infections, Dengue",424,0.13,2018,19,9,5,13,14,20,49,56,47,50,70,72,0,2,0.05,1,0.01,29,0.07,45,0.10,110,0.16,183,0.18,54,0.10,0,215,0.13,209,0.13,0,1,0.02,70,0.32,18,0.04,175,0.07,37,123
33,"Dengue virus infections, Dengue-like illness",41,0.01,2018,2,1,0,2,0,3,2,6,8,3,6,8,0,0,0,2,0.01,1,0.00,4,0.01,13,0.02,16,0.02,5,0.01,0,19,0.01,22,0.01,0,0,0,8,0.04,3,0.01,19,0.01,2,9
34,"Dengue virus infections, Severe dengue",9,0.00,2018,0,0,0,0,0,0,1,0,2,2,2,2,0,0,0,0,0,0,0,2,0.00,5,0.01,2,0.00,0,0,0,8,0.00,1,0.00,0,S,S,S,S,S,S,S,S,S,S
35,Diphtheria,1,0.00,2018,0,0,0,0,0,0,0,0,0,1,0,0,0,0,0,0,0,1,0.00,0,0,0,0,0,0,0,0,0,1,0.00,0,0,0,S,S,S,S,S,S,S,S,S,S
36,"Ehrlichiosis and Anaplasmosis, Anaplasma phagocytophilum infection","4,008",1.27,2018,15,30,40,93,414,"1,202",762,424,378,246,227,177,0,0,0,12,0.08,82,0.21,126,0.30,360,0.56,"1,747",1.75,"1,674",3.31,7,"1,575",0.98,"2,430",1.57,3,21,0.50,28,0.14,15,0.03,"2,684",1.09,145,"1,115"
37,"Ehrlichiosis and Anaplasmosis, Ehrlichia chaffeensis infection","1,799",0.57,2018,7,15,22,37,136,464,376,227,211,88,47,169,0,0,0,12,0.08,55,0.14,110,0.27,190,0.29,798,0.80,634,1.25,0,803,0.50,992,0.64,4,6,0.14,9,0.04,52,0.11,"1,161",0.47,54,517
38,"Ehrlichiosis and Anaplasmosis, Ehrlichia ewingii infection",33,0.01,2018,0,0,0,0,1,8,13,3,4,2,2,0,0,0,0,0,0,0,0,0,0,2,0.00,14,0.01,17,0.03,0,10,0.01,23,0.01,0,0,0,0,0,1,0.00,24,0.01,2,6
39,"Ehrlichiosis and Anaplasmosis, Undetermined ehrlichiosis/anaplasmosis",283,0.09,2018,3,1,8,8,23,78,54,31,30,20,16,11,0,0,0,1,0.01,15,0.04,22,0.05,43,0.07,98,0.10,103,0.21,1,127,0.08,156,0.10,0,1,0.02,2,0.01,2,0.00,206,0.09,26,46
40,Giardiasis,"15,548",6.06,2018,929,"1,021","1,338",994,"1,039","1,338","1,334","1,638","1,974","1,266","1,005","1,672",0,104,3.51,"1,163",9.46,"1,380",4.36,"1,742",5.22,"3,614",6.87,"5,369",6.58,"2,166",5.15,10,"5,957",4.58,"9,540",7.55,51,94,2.57,374,2.03,979,2.80,"7,863",3.94,"1,916","4,322"
41,Gonorrhea,"583,405",178.32,2018,"42,421","41,729","51,973","42,765","43,558","55,240","45,523","48,239","60,385","48,206","44,278","59,088",0,105,2.73,119,0.75,"2,794",6.80,"249,081",579.65,"258,291",384.01,"70,314",67.86,"2,332",4.45,369,"241,074",145.19,"341,401",211.88,930,"8,427",177.81,"7,851",36.35,"224,280",484.80,"178,560",70.14,"35,842","128,445"
42,"Haemophilus influenzae, invasive disease, All ages, all serotypes","5,573",1.70,2018,555,478,582,441,425,556,365,299,428,351,369,724,0,392,10.19,234,1.47,126,0.31,138,0.32,384,0.57,"1,510",1.46,"2,785",5.31,4,"2,972",1.79,"2,568",1.59,33,91,1.92,90,0.42,731,1.58,"3,511",1.38,176,974
43,"Haemophilus influenzae, invasive disease, Age <5 years, Serotype b",38,0.19,2018,3,3,1,5,5,8,1,2,2,2,1,5,0,27,0.70,11,0.07,0,0,0,0,0,0,0,0,0,0,0,16,0.17,22,0.22,0,3,0.79,0,0,3,0.09,25,0.17,1,6
44,"Haemophilus influenzae, invasive disease, Age <5 years, Non-b serotype",191,0.96,2018,13,25,21,17,13,14,13,5,15,10,14,31,0,100,2.60,91,0.57,0,0,0,0,0,0,0,0,0,0,0,76,0.79,115,1.13,0,22,5.79,2,0.16,44,1.30,89,0.60,6,28
45,"Haemophilus influenzae, invasive disease, Age <5 years, Nontypeable",222,1.12,2018,18,29,27,14,18,23,7,13,17,14,15,27,0,151,3.92,71,0.44,0,0,0,0,0,0,0,0,0,0,0,97,1.00,123,1.21,2,9,2.37,8,0.62,33,0.97,131,0.89,11,30
46,"Haemophilus influenzae, invasive disease, Age <5 years, Unknown serotype",175,0.88,2018,14,11,17,18,14,14,10,9,13,8,13,34,0,114,2.96,61,0.38,0,0,0,0,0,0,0,0,0,0,0,72,0.74,102,1.01,1,5,1.32,11,0.86,23,0.68,84,0.57,21,31
47,Hansen's disease,90,0.03,2018,4,7,8,5,7,10,4,19,6,11,4,5,0,0,0,0,0,0,0,3,0.01,11,0.02,32,0.03,25,0.05,19,30,0.02,43,0.03,17,1,0.03,13,0.07,4,0.01,40,0.02,5,27
48,"Hantavirus infection, non-hantavirus pulmonary syndrome",2,0.00,2018,0,0,0,0,0,0,0,2,0,0,0,0,0,0,0,0,0,0,0,1,0.00,0,0,1,0.00,0,0,0,1,0.00,1,0.00,0,S,S,S,S,S,S,S,S,S,S
49,Hantavirus pulmonary syndrome,18,0.01,2018,1,1,2,1,1,2,2,1,3,1,1,2,0,0,0,0,0,1,0.00,1,0.00,5,0.01,9,0.01,2,0.00,0,10,0.01,8,0.01,0,S,S,S,S,S,S,S,S,S,S
50,Hemolytic uremic syndrome post-diarrheal,376,0.12,2018,9,3,20,31,34,45,59,34,56,24,39,22,0,9,0.24,159,1.02,95,0.24,25,0.06,20,0.03,34,0.03,33,0.06,1,220,0.14,156,0.10,0,4,0.09,11,0.05,11,0.02,282,0.11,35,33
51,"Hepatitis, A, acute","12,474",3.81,2018,249,295,411,486,524,"1,101","1,011","1,228","1,702","1,538","1,565","2,364",0,5,0.13,26,0.16,65,0.16,992,2.31,"6,227",9.26,"4,563",4.40,590,1.13,6,"4,951",2.98,"7,497",4.65,26,15,0.32,108,0.50,506,1.09,"8,793",3.45,794,"2,258"
52,"Hepatitis, B, acute","3,322",1.02,2018,206,247,291,260,219,316,264,256,339,261,249,414,0,3,0.08,0,0,1,0.00,105,0.25,"1,034",1.55,"1,937",1.88,240,0.46,2,"1,260",0.76,"2,050",1.28,12,26,0.55,56,0.26,409,0.89,"2,201",0.87,142,488
53,"Hepatitis, B, perinatal infection",23,0.30,2018,3,3,2,2,2,0,3,3,0,0,2,3,0,18,0.47,5,0.13,0,0,0,0,0,0,0,0,0,0,0,15,0.40,8,0.20,0,S,S,S,S,S,S,S,S,S,S
54,"Hepatitis, C, acute","4,768",1.54,2018,293,326,418,357,432,428,336,373,544,355,296,610,0,8,0.22,1,0.01,4,0.01,686,1.69,"2,544",3.99,"1,333",1.35,181,0.36,11,"2,058",1.31,"2,706",1.77,4,94,2.27,32,0.15,277,0.63,"3,428",1.42,265,672
55,"Hepatitis, C, acute, Confirmed","3,621",1.17,2018,250,277,347,290,332,344,266,269,333,255,213,445,0,6,0.16,0,0,3,0.01,558,1.37,"1,893",2.97,"1,004",1.02,151,0.30,6,"1,605",1.02,"2,012",1.32,4,84,2.03,28,0.13,241,0.55,"2,535",1.05,220,513
56,"Hepatitis, C, acute, Probable","1,147",0.37,2018,43,49,71,67,100,84,70,104,211,100,83,165,0,2,0.05,1,0.01,1,0.00,128,0.31,651,1.02,329,0.33,30,0.06,5,453,0.29,694,0.45,0,10,0.24,4,0.02,36,0.08,893,0.37,45,159
57,"Hepatitis, C, perinatal infection",214,0.07,2018,15,20,24,20,25,22,8,9,22,13,12,24,0,95,2.76,117,0.82,0,0,0,0,0,0,0,0,0,0,2,117,0.08,97,0.07,0,1,0.02,1,0.01,3,0.01,102,0.04,16,91
58,Human immunodeficiency virus diagnoses,"32,999",10.09,2018,"3,151","2,894","3,225","3,004","3,224","3,173","3,176","3,264","2,734","2,848","1,788",517,1,39,1.01,13,0.08,51,0.12,"6,609",15.38,"15,436",22.95,"10,065",9.71,786,1.50,0,"6,286",3.79,"26,713",16.58,0,165,3.48,776,3.59,"14,354",31.03,"8,822",3.47,"8,882",0
59,Influenza-associated pediatric mortality,159,0.22,2018,36,53,24,18,9,4,0,2,1,4,1,7,0,20,0.52,48,0.30,74,0.18,17,0.14,0,0,0,0,0,0,0,90,0.25,69,0.18,0,4,0.29,6,0.13,27,0.22,102,0.19,3,17
60,"Invasive pneumococcal disease, All ages","19,857",8.14,2018,"2,820","2,386","2,417","1,892","1,565","1,340",741,621,993,"1,059","1,263","2,760",0,374,13.09,691,5.82,494,1.62,319,1.00,"1,599",3.23,"8,236",10.63,"8,130",20.46,14,"9,413",7.59,"10,328",8.61,116,311,10.53,302,2.42,"3,035",7.98,"11,900",6.25,694,"3,615"
61,"Invasive pneumococcal disease, All ages, Confirmed","19,619",8.04,2018,"2,789","2,364","2,383","1,874","1,549","1,325",725,611,981,"1,048","1,242","2,728",0,357,12.49,673,5.67,468,1.53,310,0.97,"1,575",3.18,"8,162",10.54,"8,060",20.28,14,"9,291",7.49,"10,212",8.52,116,306,10.36,299,2.39,"3,001",7.89,"11,759",6.18,678,"3,576"
62,"Invasive pneumococcal disease, All ages, Probable",238,0.10,2018,31,22,34,18,16,15,16,10,12,11,21,32,0,17,0.59,18,0.15,26,0.09,9,0.03,24,0.05,74,0.10,70,0.18,0,122,0.10,116,0.10,0,5,0.17,3,0.02,34,0.09,141,0.07,16,39
63,"Invasive pneumococcal disease, Age <5 years","1,116",0.43,2018,101,122,132,91,85,92,36,37,78,84,91,167,0,395,12.83,721,5.64,0,0,0,0,0,0,0,0,0,0,0,477,0.36,631,0.49,8,21,0.60,37,0.28,236,0.58,571,0.28,39,212
64,"Invasive pneumococcal disease, Age <5 years, Confirmed","1,078",6.80,2018,98,118,126,90,84,89,32,35,77,82,87,160,0,375,12.18,703,5.50,0,0,0,0,0,0,0,0,0,0,0,463,5.97,607,7.48,8,20,6.99,37,4.44,230,7.73,548,4.66,37,206
65,"Invasive pneumococcal disease, Age <5 years, Probable",38,0.24,2018,3,4,6,1,1,3,4,2,1,2,4,7,0,20,0.65,18,0.14,0,0,0,0,0,0,0,0,0,0,0,14,0.18,24,0.30,0,1,0.35,0,0,6,0.20,23,0.20,2,6
66,Legionellosis,"9,933",3.04,2018,313,280,392,256,387,"1,233","1,046","1,311","1,664","1,384",738,929,0,1,0.03,0,0,3,0.01,82,0.19,704,1.05,"4,890",4.72,"4,250",8.11,3,"3,637",2.19,"6,289",3.90,7,49,1.03,117,0.54,"2,251",4.87,"6,037",2.37,495,984
67,Leptospirosis,91,0.04,2018,6,4,6,2,4,10,7,7,24,6,4,11,0,0,0,0,0,4,0.01,21,0.06,22,0.04,40,0.05,4,0.01,0,21,0.02,70,0.05,0,0,0,6,0.03,0,0,45,0.02,18,22
68,Listeriosis,864,0.26,2018,31,39,57,48,44,86,88,119,108,76,72,96,0,42,1.09,5,0.03,2,0.00,22,0.05,85,0.13,199,0.19,509,0.97,0,452,0.27,406,0.25,6,3,0.06,52,0.24,94,0.20,553,0.22,55,107
69,"Lyme disease, Total","33,666",10.34,2018,996,"1,112","1,306","1,282","2,018","6,171","6,782","4,549","3,330","2,270","1,792","2,058",0,27,0.70,"1,149",7.23,"5,089",12.44,"2,938",6.86,"4,337",6.48,"11,738",11.38,"8,339",15.98,49,"14,048",8.50,"19,092",11.90,526,80,1.69,222,1.07,248,0.54,"17,507",6.89,761,"14,848"
70,"Lyme disease, Confirmed","23,558",7.23,2018,647,706,802,808,"1,275","4,424","5,023","3,296","2,329","1,574","1,273","1,401",0,20,0.52,966,6.08,"3,925",9.60,"1,893",4.42,"2,908",4.34,"8,272",8.02,"5,540",10.62,34,"9,708",5.87,"13,346",8.32,504,53,1.12,147,0.71,161,0.35,"12,063",4.75,578,"10,556"
71,"Lyme disease, Probable","10,108",3.10,2018,349,406,504,474,743,"1,747","1,759","1,253","1,001",696,519,657,0,7,0.18,183,1.15,"1,164",2.85,"1,045",2.44,"1,429",2.13,"3,466",3.36,"2,799",5.37,15,"4,340",2.63,"5,746",3.58,22,27,0.57,75,0.36,87,0.19,"5,444",2.14,183,"4,292"
72,Malaria,"1,748",0.53,2018,99,89,78,117,135,223,152,197,240,145,98,175,0,5,0.13,57,0.36,161,0.39,241,0.56,469,0.70,685,0.66,130,0.25,0,659,0.40,"1,085",0.67,4,2,0.04,79,0.37,"1,156",2.50,185,0.07,95,231
73,"Measles, Total",375,0.11,2018,10,5,28,29,13,13,13,12,9,43,72,128,0,44,1.14,117,0.73,83,0.20,56,0.13,36,0.05,39,0.04,0,0,0,182,0.11,193,0.12,0,0,0,15,0.07,5,0.01,230,0.09,7,118
74,"Measles, Indigenous",296,0.09,2018,5,2,21,19,6,4,7,8,5,28,70,121,0,35,0.91,96,0.60,72,0.18,40,0.09,24,0.04,29,0.03,0,0,0,147,0.09,149,0.09,0,0,0,1,0.00,1,0.00,189,0.07,4,101
75,"Measles, Imported",79,0.02,2018,5,3,7,10,7,9,6,4,4,15,2,7,0,9,0.23,21,0.13,11,0.03,16,0.04,12,0.02,10,0.01,0,0,0,35,0.02,44,0.03,0,0,0,14,0.06,4,0.01,41,0.02,3,17
76,"Meningococcal disease, All serogroups",327,0.10,2018,37,38,38,21,26,21,21,14,21,20,23,47,0,32,0.83,29,0.18,14,0.03,41,0.10,47,0.07,92,0.09,72,0.14,0,161,0.10,166,0.10,0,3,0.06,12,0.06,40,0.09,214,0.08,16,42
77,"Meningococcal disease, Serogroups ACWY",100,0.03,2018,11,10,11,10,7,8,7,3,5,9,10,9,0,5,0.13,10,0.06,5,0.01,1,0.00,17,0.03,34,0.03,28,0.05,0,46,0.03,54,0.03,0,1,0.02,4,0.02,14,0.03,66,0.03,4,11
78,"Meningococcal disease, Serogroup B",81,0.02,2018,9,12,9,5,7,5,8,5,6,6,6,3,0,16,0.42,9,0.06,3,0.01,16,0.04,7,0.01,17,0.02,13,0.02,0,50,0.03,31,0.02,0,2,0.04,6,0.03,4,0.01,58,0.02,3,8
79,"Meningococcal disease, Other serogroups",23,0.01,2018,3,4,5,0,1,0,0,0,4,1,3,2,0,2,0.05,0,0,2,0.00,5,0.01,6,0.01,3,0.00,5,0.01,0,10,0.01,13,0.01,0,0,0,0,0,7,0.02,14,0.01,0,2
80,"Meningococcal disease, Unknown serogroup",123,0.04,2018,14,12,13,6,11,8,6,6,6,4,4,33,0,9,0.23,10,0.06,4,0.01,19,0.04,17,0.03,38,0.04,26,0.05,0,55,0.03,68,0.04,0,0,0,2,0.01,15,0.03,76,0.03,9,21
81,Mumps,"2,515",0.77,2018,266,298,352,245,286,137,100,127,128,135,124,317,0,15,0.39,142,0.89,334,0.81,720,1.68,769,1.14,444,0.43,87,0.17,4,"1,032",0.62,"1,477",0.92,6,36,0.76,388,1.80,215,0.46,"1,077",0.42,94,705
82,Novel Influenza A virus infections,14,0.00,2018,0,0,0,0,0,1,0,13,0,0,0,0,0,0,0,1,0.01,3,0.01,2,0.00,0,0,0,0,0,0,8,5,0.00,9,0.01,0,S,S,S,S,S,S,S,S,S,S
83,Paratyphoid fever,133,0.04,2018,13,10,12,12,9,12,13,11,17,7,8,9,0,0,0,10,0.06,20,0.05,19,0.04,37,0.06,35,0.03,12,0.02,0,70,0.04,63,0.04,0,4,0.08,44,0.20,4,0.01,42,0.02,16,23
84,Pertussis,"15,609",4.77,2018,"1,013",988,"1,219","1,100","1,294","1,509","1,233","1,114","1,322","1,085","1,280","2,452",0,"1,995",51.84,"2,431",15.23,"4,742",11.54,"3,212",7.47,925,1.38,"1,629",1.57,652,1.24,23,"8,485",5.11,"7,064",4.38,60,288,6.08,325,1.50,650,1.41,"10,778",4.23,608,"2,960"
85,Plague,1,0.00,2018,0,0,0,0,0,1,0,0,0,0,0,0,0,0,0,0,0,1,0.00,0,0,0,0,0,0,0,0,0,0,0,1,0.00,0,S,S,S,S,S,S,S,S,S,S
86,"Poliomyelitis, paralytic",0,0,2018,0,0,0,0,0,0,0,0,0,0,0,0,0,0,0,0,0,0,0,0,0,0,0,0,0,0,0,0,0,0,0,0,0,0,0,0,0,0,0,0,0,0,0
87,"Poliovirus infection, nonparalytic",0,0,2018,0,0,0,0,0,0,0,0,0,0,0,0,0,0,0,0,0,0,0,0,0,0,0,0,0,0,0,0,0,0,0,0,0,0,0,0,0,0,0,0,0,0,0
88,Psittacosis,22,0.01,2018,0,0,3,1,0,2,0,1,9,3,1,2,0,0,0,0,0,0,0,1,0.00,6,0.01,10,0.01,5,0.01,0,9,0.01,13,0.01,0,S,S,S,S,S,S,S,S,S,S
89,"Q fever, Total",215,0.07,2018,10,9,32,26,26,20,16,20,18,7,11,20,0,0,0,0,0,3,0.01,12,0.03,24,0.04,109,0.11,67,0.13,0,46,0.03,168,0.10,1,3,0.06,8,0.04,5,0.01,140,0.06,31,28
90,"Q fever, Acute",178,0.05,2018,8,6,30,22,20,17,13,18,16,7,9,12,0,0,0,0,0,2,0.00,10,0.02,19,0.03,95,0.09,52,0.10,0,38,0.02,140,0.09,0,3,0.06,8,0.04,4,0.01,117,0.05,27,19
91,"Q fever, Chronic",37,0.01,2018,2,3,2,4,6,3,3,2,2,0,2,8,0,0,0,0,0,1,0.00,2,0.00,5,0.01,14,0.01,15,0.03,0,8,0.00,28,0.02,1,0,0,0,0,1,0.00,23,0.01,4,9
92,"Rabies, Human",3,0.00,2018,1,0,0,0,0,0,0,0,1,1,0,0,0,0,0,0,0,1,0.00,0,0,0,0,1,0.00,1,0.00,0,1,0.00,2,0.00,0,S,S,S,S,S,S,S,S,S,S
93,Rubella,4,0.00,2018,0,0,1,0,1,0,0,0,0,2,0,0,0,1,0.03,0,0,0,0,0,0,3,0.00,0,0,0,0,0,1,0.00,3,0.00,0,S,S,S,S,S,S,S,S,S,S
94,"Rubella, congenital syndrome",0,0,2018,0,0,0,0,0,0,0,0,0,0,0,0,0,0,0,0,0,0,0,0,0,0,0,0,0,0,0,0,0,0,0,0,0,0,0,0,0,0,0,0,0,0,0
95,Salmonellosis (excluding paratyphoid fever and typhoid fever),"60,999",18.64,2018,"2,112","2,489","3,227","3,014","3,783","6,710","6,813","7,345","9,233","6,091","4,264","5,918",0,"5,540",143.96,"7,845",49.15,"5,971",14.54,"5,410",12.59,"9,069",13.48,"16,357",15.79,"10,747",20.50,60,"32,510",19.58,"28,215",17.51,274,462,9.75,"1,981",9.17,"5,311",11.48,"38,325",15.06,"4,677","10,243"
96,Severe acute respiratory syndrome-associated coronavirus disease,0,0,2018,0,0,0,0,0,0,0,0,0,0,0,0,0,0,0,0,0,0,0,0,0,0,0,0,0,0,0,0,0,0,0,0,0,0,0,0,0,0,0,0,0,0,0
97,Shiga toxin-producing Escherichia coli (STEC),"15,996",4.89,2018,553,574,975,"1,172","1,184","2,164","1,887","1,867","1,744","1,219",917,"1,740",0,600,15.59,"2,895",18.14,"1,853",4.51,"2,274",5.29,"2,627",3.91,"3,223",3.11,"2,486",4.74,38,"8,793",5.30,"7,160",4.44,43,153,3.23,389,1.80,781,1.69,"10,989",4.32,"1,339","2,345"
98,Shigellosis,"16,333",4.99,2018,855,796,"1,279","1,013","1,123","1,588","1,503","1,643","1,719","1,365","1,403","2,046",0,252,6.55,"2,766",17.33,"2,497",6.08,"1,474",3.43,"3,842",5.71,"4,031",3.89,"1,393",2.66,78,"6,690",4.03,"9,587",5.95,56,104,2.19,560,2.59,"2,774",6.00,"8,638",3.39,"1,733","2,524"
99,Smallpox,0,0,2018,0,0,0,0,0,0,0,0,0,0,0,0,0,0,0,0,0,0,0,0,0,0,0,0,0,0,0,0,0,0,0,0,0,0,0,0,0,0,0,0,0,0,0
100,"Spotted fever rickettsiosis, Total","5,544",1.71,2018,53,57,175,239,516,"1,338",929,742,766,346,175,208,0,2,0.05,69,0.44,233,0.57,405,0.95,"1,013",1.52,"2,545",2.47,"1,275",2.45,2,"1,847",1.12,"3,690",2.31,7,40,0.87,19,0.09,139,0.30,"3,641",1.44,156,"1,549"
101,"Spotted fever rickettsiosis, Confirmed",124,0.04,2018,1,2,6,9,12,33,19,13,16,3,2,8,0,0,0,5,0.03,7,0.02,2,0.00,20,0.03,59,0.06,31,0.06,0,51,0.03,73,0.05,0,10,0.22,1,0.00,3,0.01,73,0.03,9,28
102,"Spotted fever rickettsiosis, Probable","5,420",1.67,2018,52,55,169,230,504,"1,305",910,729,750,343,173,200,0,2,0.05,64,0.40,226,0.55,403,0.94,993,1.49,"2,486",2.41,"1,244",2.39,2,"1,796",1.09,"3,617",2.26,7,30,0.65,18,0.09,136,0.29,"3,568",1.41,147,"1,521"
103,Streptococcal toxic shock syndrome,371,0.18,2018,50,45,55,31,26,34,29,18,14,12,24,33,0,4,0.16,6,0.06,13,0.05,14,0.05,52,0.12,153,0.23,129,0.38,0,180,0.17,191,0.19,0,1,0.04,17,0.15,49,0.15,247,0.15,15,42
104,"Syphilis, Total, all stages","115,045",35.16,2018,"8,162","8,731","11,132","9,134","8,884","10,756","8,664","9,113","11,591","9,302","8,532","11,044",0,"1,311",34.07,3,0.02,57,0.14,"21,790",50.71,"57,325",85.23,"32,307",31.18,"2,225",4.24,27,"22,118",13.32,"91,525",56.80,"1,402","1,224",25.83,"3,053",14.13,"38,051",82.25,"53,657",21.08,"9,353","9,707"
105,"Syphilis, Congenital","1,306",34.44,2018,107,84,106,95,89,105,115,112,136,128,116,113,0,"1,306",34.44,0,0,0,0,0,0,0,0,0,0,0,0,0,0,0,0,0,"1,306",32,75.93,27,9.60,518,81.76,649,22.89,29,51
106,"Syphilis, Primary and secondary","35,063",10.72,2018,"2,413","2,581","3,354","2,750","2,685","3,326","2,767","2,736","3,700","2,850","2,634","3,267",0,0,0,2,0.01,20,0.05,"7,758",18.05,"17,819",26.49,"9,017",8.70,437,0.83,10,"4,995",3.01,"30,034",18.64,34,418,8.82,971,4.50,"11,490",24.84,"16,974",6.67,"2,600","2,610"
107,Tetanus,23,0.01,2018,0,0,0,3,4,2,1,5,1,2,3,2,0,0,0,0,0,1,0.00,5,0.01,4,0.01,5,0.00,3,0.01,5,11,0.01,12,0.01,0,S,S,S,S,S,S,S,S,S,S
108,Toxic shock syndrome (other than Streptococcal),33,0.01,2018,0,6,2,2,3,4,2,2,2,3,4,3,0,0,0,2,0.02,13,0.05,12,0.04,1,0.00,2,0.00,3,0.01,0,23,0.02,10,0.01,0,0,0,1,0.01,1,0.00,20,0.01,1,10
109,Trichinellosis,1,0.00,2018,0,0,0,0,1,0,0,0,0,0,0,0,0,0,0,0,0,0,0,0,0,0,0,1,0.00,0,0,0,1,0.00,0,0,0,S,S,S,S,S,S,S,S,S,S
110,Tuberculosis,"9,025",2.76,2018,506,587,770,766,770,817,717,853,636,789,737,"1,077",0,48,1.25,138,0.86,186,0.45,874,2.03,"2,094",3.11,"3,328",3.21,"2,354",4.49,3,"3,476",2.09,"5,527",3.43,22,115,2.43,"3,213",14.87,"1,845",3.99,"3,560",1.40,171,121
111,Tularemia,229,0.07,2018,0,2,3,7,22,42,54,32,15,25,5,22,0,0,0,5,0.03,28,0.07,15,0.03,39,0.06,92,0.09,50,0.10,0,80,0.05,149,0.09,0,11,0.23,2,0.01,1,0.00,153,0.06,11,51
112,Typhoid fever,401,0.12,2018,28,23,34,36,35,24,28,43,61,23,8,58,0,2,0.05,42,0.26,76,0.19,77,0.18,113,0.17,73,0.07,18,0.03,0,192,0.12,209,0.13,0,3,0.06,193,0.89,28,0.06,64,0.03,61,52
113,Vancomycin-intermediate Staphylococcus aureus,85,0.03,2018,5,8,13,3,8,10,7,2,6,5,7,11,0,0,0,1,0.01,1,0.00,3,0.01,6,0.01,33,0.04,41,0.10,0,36,0.03,49,0.04,0,0,0,0,0,9,0.02,47,0.02,1,28
114,Vancomycin-resistant Staphylococcus aureus,0,0,2018,0,0,0,0,0,0,0,0,0,0,0,0,0,0,0,0,0,0,0,0,0,0,0,0,0,0,0,0,0,0,0,0,0,0,0,0,0,0,0,0,0,0,0
115,Varicella morbidity,"8,201",3.07,2018,512,577,791,685,761,769,493,506,824,639,646,998,0,754,23.83,"1,795",13.69,"2,738",8.13,769,2.18,840,1.52,651,0.77,127,0.30,527,"3,785",2.79,"4,377",3.32,39,83,2.31,422,2.28,526,1.38,"4,526",2.18,398,"2,246"
116,"Vibriosis, Total","2,964",0.92,2018,63,84,128,131,118,324,400,507,389,234,166,420,0,29,0.77,69,0.44,151,0.37,192,0.45,551,0.83,"1,169",1.14,795,1.54,8,"1,239",0.76,"1,717",1.08,8,15,0.32,114,0.53,199,0.43,"1,984",0.79,192,460
117,"Vibriosis, Confirmed","1,822",0.57,2018,29,38,63,56,68,229,275,355,240,137,84,248,0,3,0.08,24,0.15,114,0.28,108,0.26,347,0.52,750,0.73,475,0.92,1,639,0.39,"1,179",0.74,4,10,0.21,77,0.36,104,0.23,"1,261",0.50,119,251
118,"Vibriosis, Probable","1,142",0.35,2018,34,46,65,75,50,95,125,152,149,97,82,172,0,26,0.69,45,0.29,37,0.09,84,0.20,204,0.31,419,0.41,320,0.62,7,600,0.37,538,0.34,4,5,0.11,37,0.17,95,0.21,723,0.29,73,209
119,"Viral hemorrhagic fevers, Crimean-Congo hemorrhagic fever virus",0,0,2018,0,0,0,0,0,0,0,0,0,0,0,0,0,0,0,0,0,0,0,0,0,0,0,0,0,0,0,0,0,0,0,0,0,0,0,0,0,0,0,0,0,0,0
120,"Viral hemorrhagic fevers, Ebola virus",0,0,2018,0,0,0,0,0,0,0,0,0,0,0,0,0,0,0,0,0,0,0,0,0,0,0,0,0,0,0,0,0,0,0,0,0,0,0,0,0,0,0,0,0,0,0
121,"Viral hemorrhagic fevers, Guanarito virus",0,0,2018,0,0,0,0,0,0,0,0,0,0,0,0,0,0,0,0,0,0,0,0,0,0,0,0,0,0,0,0,0,0,0,0,0,0,0,0,0,0,0,0,0,0,0
122,"Viral hemorrhagic fevers, Junin virus",0,0,2018,0,0,0,0,0,0,0,0,0,0,0,0,0,0,0,0,0,0,0,0,0,0,0,0,0,0,0,0,0,0,0,0,0,0,0,0,0,0,0,0,0,0,0
123,"Viral hemorrhagic fevers, Lassa virus",0,0,2018,0,0,0,0,0,0,0,0,0,0,0,0,0,0,0,0,0,0,0,0,0,0,0,0,0,0,0,0,0,0,0,0,0,0,0,0,0,0,0,0,0,0,0
124,"Viral hemorrhagic fevers, Lujo virus",0,0,2018,0,0,0,0,0,0,0,0,0,0,0,0,0,0,0,0,0,0,0,0,0,0,0,0,0,0,0,0,0,0,0,0,0,0,0,0,0,0,0,0,0,0,0
125,"Viral hemorrhagic fevers, Machupo virus",0,0,2018,0,0,0,0,0,0,0,0,0,0,0,0,0,0,0,0,0,0,0,0,0,0,0,0,0,0,0,0,0,0,0,0,0,0,0,0,0,0,0,0,0,0,0
126,"Viral hemorrhagic fevers, Marburg virus",0,0,2018,0,0,0,0,0,0,0,0,0,0,0,0,0,0,0,0,0,0,0,0,0,0,0,0,0,0,0,0,0,0,0,0,0,0,0,0,0,0,0,0,0,0,0
127,"Viral hemorrhagic fevers, Sabia virus",0,0,2018,0,0,0,0,0,0,0,0,0,0,0,0,0,0,0,0,0,0,0,0,0,0,0,0,0,0,0,0,0,0,0,0,0,0,0,0,0,0,0,0,0,0,0
128,Yellow fever,0,0,2018,0,0,0,0,0,0,0,0,0,0,0,0,0,0,0,0,0,0,0,0,0,0,0,0,0,0,0,0,0,0,0,0,0,0,0,0,0,0,0,0,0,0,0
129,"Zika virus, Zika virus disease, congenital",2,0.05,2018,0,0,0,0,1,0,0,1,0,0,0,0,0,2,0.05,0,0,0,0,0,0,0,0,0,0,0,0,0,1,0.05,1,0.05,0,S,S,S,S,S,S,S,S,S,S
130,"Zika virus, Zika virus disease, non-congenital",79,0.02,2018,12,7,7,6,2,3,11,10,4,8,4,5,0,0,0,0,0,0,0,11,0.03,35,0.05,23,0.02,10,0.02,0,56,0.03,23,0.01,0,0,0,3,0.01,0,0,26,0.01,10,40
131,"Zika virus, Zika virus infection, non-congenital",245,0.07,2018,18,28,21,31,19,14,14,14,23,19,11,33,0,0,0,0,0,1,0.00,72,0.17,152,0.23,19,0.02,1,0.00,0,230,0.14,15,0.01,0,1,0.02,10,0.05,41,0.09,104,0.04,14,75
